state_id,state_name,state_cluster,metric_order,metric_name,matched_current_columns,available_in_current_iaeav,n_available_subjects,metric_modality,metric_analysis_type,metric_definition,how_calculated,clinical_interpretation,threshold_note,literature_basis_from_spec,prior_direction,prior_direction_code,why_prior_direction,current_pipeline_direction_code,current_pipeline_direction_note,current_pipeline_role,cn_n,cn_median,cn_mad,cn_p75,cn_p90,cn_p975,cn_mean,ad_n,ad_mean,patient_n,patient_mean,empirical_raw_direction_ad_minus_cn,auc_ad_vs_cn_aligned,auc_patient_vs_cn_aligned,interviewer_eta2,empirical_check_status,empirical_check_note,confound_flag,final_role,external_prior_decision,expected_direction,audit_implication,external_prior_review_status,current_evaluation_status
S01,pause_fluency_burden,acoustic_fluency_output,1,n_pauses_per_min,n_pauses_per_min,yes,223,acoustic,VAD / temporal acoustic analysis,单位时间停顿次数,检测非语音静音段，按每分钟计数：n_pauses / duration_min,停顿次数增多提示找词、计划语句或处理速度负担，但受任务和录音影响。,S01 先报告文献常用静音/长停顿阈值，并同时做数据驱动 CN 分位数校准。,ASHA Dementia; Rohanian et al. 2021; Nasreen et al. 2021; ADReSS/ADReSSo; connected speech reviews,higher_abnormal,1.0,Prior states that higher values indicate greater abnormal burden.,1.0,+1,core,184,47.805456492055285,5.584263899020225,53.904281149350595,63.07058451403178,81.96784828385356,49.729012092203426,23,44.16617460135201,39,43.27752696270269,AD_lower,0.3334782608695652,0.2835841694537346,0.1956872509391776,direction_conflict_or_confound,Aligned AUC is below chance; direction or dataset confound needs review.,direction_conflict,review before diagnostic use,stable_signed_prior,higher pause / long-pause / unvoiced burden is more abnormal,"Keep as core evidence, but current n_pauses_per_min conflict means not every pause metric is safe; prioritize long-pause and unvoiced-duration metrics and inspect VAD definition.",manual_review_required,exclude_pending_direction_review
S01,pause_fluency_burden,acoustic_fluency_output,2,long_pause_rate_per_min,long_pause_rate_per_min,yes,223,acoustic,VAD / temporal acoustic analysis,长停顿发生率,定义超过阈值的长静音段，如 >1.5s 或数据驱动阈值；long_pauses / duration_min,长停顿比普通短停顿更接近检索失败或认知处理延迟。,S01 先报告文献常用静音/长停顿阈值，并同时做数据驱动 CN 分位数校准。,ASHA Dementia; Rohanian et al. 2021; Nasreen et al. 2021; ADReSS/ADReSSo; connected speech reviews,higher_abnormal,1.0,Prior states that higher values indicate greater abnormal burden.,1.0,+1,core,184,0.9662832231512174,0.648126107565954,1.76869547853956,2.6014887826937967,3.5025135501852613,1.16098343149978,23,2.770456352912132,39,2.779680217729634,AD_higher,0.7975,0.8343784838350056,0.3958636396144017,supports_prior,Aligned AUC is clearly above chance in current IAEAV.,high_interviewer_variance,core evidence,stable_signed_prior,higher pause / long-pause / unvoiced burden is more abnormal,"Keep as core evidence, but current n_pauses_per_min conflict means not every pause metric is safe; prioritize long-pause and unvoiced-duration metrics and inspect VAD definition.",prior_acceptable_with_empirical_and_confound_checks,include_current_state_evaluation
S01,pause_fluency_burden,acoustic_fluency_output,3,pause_mode_mean_sec,pause_mode1_mean_sec; pause_mode2_mean_sec,yes,0,acoustic,VAD / temporal acoustic analysis,停顿时长模式均值,对静音段时长分布建模/分群，取主要 pause mode 的平均秒数,反映停顿不是偶然出现，而是形成稳定的语流中断模式。,S01 先报告文献常用静音/长停顿阈值，并同时做数据驱动 CN 分位数校准。,ASHA Dementia; Rohanian et al. 2021; Nasreen et al. 2021; ADReSS/ADReSSo; connected speech reviews,higher_abnormal,1.0,Prior states that higher values indicate greater abnormal burden.,,,,0,,,,,,,0,,0,,not_tested,,,,not_tested,Insufficient AD/CN values.,none_detected_in_this_audit,core evidence,stable_signed_prior,higher pause / long-pause / unvoiced burden is more abnormal,"Keep as core evidence, but current n_pauses_per_min conflict means not every pause metric is safe; prioritize long-pause and unvoiced-duration metrics and inspect VAD definition.",prior_acceptable_with_empirical_and_confound_checks,include_current_state_evaluation
S01,pause_fluency_burden,acoustic_fluency_output,4,MeanUnvoicedSegmentLength,egemaps_MeanUnvoicedSegmentLength,yes,223,acoustic,openSMILE/eGeMAPS acoustic feature extraction,平均非发声段长度,openSMILE 估计 unvoiced segment 后取平均长度,非发声片段变长支持语流中断，但也可能来自录音、呼吸、发声习惯。,S01 先报告文献常用静音/长停顿阈值，并同时做数据驱动 CN 分位数校准。,ASHA Dementia; Rohanian et al. 2021; Nasreen et al. 2021; ADReSS/ADReSSo; connected speech reviews,higher_abnormal,1.0,Prior states that higher values indicate greater abnormal burden.,1.0,+1,core,184,0.2466520592570304,0.0619665905833244,0.331656813621521,0.4410404413938523,0.5846678659319874,0.2785139403751362,23,0.5125428373398988,39,0.4998486355329171,AD_higher,0.8947826086956522,0.914994425863991,0.4214301874189325,supports_prior,Aligned AUC is clearly above chance in current IAEAV.,high_interviewer_variance,core evidence,stable_signed_prior,higher pause / long-pause / unvoiced burden is more abnormal,"Keep as core evidence, but current n_pauses_per_min conflict means not every pause metric is safe; prioritize long-pause and unvoiced-duration metrics and inspect VAD definition.",prior_acceptable_with_empirical_and_confound_checks,include_current_state_evaluation
S01,pause_fluency_burden,acoustic_fluency_output,5,StddevUnvoicedSegmentLength,egemaps_StddevUnvoicedSegmentLength,yes,223,acoustic,openSMILE/eGeMAPS acoustic feature extraction,非发声段长度变异,unvoiced segment length 的标准差,停顿/非发声模式越不稳定，可能提示语流控制负担或采样质量问题。,S01 先报告文献常用静音/长停顿阈值，并同时做数据驱动 CN 分位数校准。,ASHA Dementia; Rohanian et al. 2021; Nasreen et al. 2021; ADReSS/ADReSSo; connected speech reviews,higher_abnormal,1.0,State-level prior: higher pause/disfluency/interactional burden is more abnormal.,1.0,+1,core,184,0.3525656908750534,0.1197764202952385,0.5205282270908356,0.7885852217674256,1.1974262833595275,0.4347858633846044,23,0.9905420645423556,39,0.9724304018876492,AD_higher,0.8821739130434783,0.9186176142697882,0.4149879168196107,supports_prior,Aligned AUC is clearly above chance in current IAEAV.,high_interviewer_variance,core evidence,stable_signed_prior,higher pause / long-pause / unvoiced burden is more abnormal,"Keep as core evidence, but current n_pauses_per_min conflict means not every pause metric is safe; prioritize long-pause and unvoiced-duration metrics and inspect VAD definition.",prior_acceptable_with_empirical_and_confound_checks,include_current_state_evaluation
S01,pause_fluency_burden,acoustic_fluency_output,6,filler_rate,s12_filler_rate,yes,223,semantic / transcript,ASR transcript linguistic analysis,填充词比例,统计 um/uh/呃/嗯 等 filler 次数，除以总词数或每分钟,填充词增多可提示找词或计划负担，但语言习惯影响大，权重低于长停顿。 | 2026-07: filler subtypes and speaker habits matter; report cautiously and never alone.,S01 先报告文献常用静音/长停顿阈值，并同时做数据驱动 CN 分位数校准。,ASHA Dementia; Rohanian et al. 2021; Nasreen et al. 2021; ADReSS/ADReSSo; connected speech reviews,mixed_habit_dependent,0.0,Prior states that higher values indicate greater abnormal burden.,0.0,+1,cautious_support,184,0.0151712762284705,0.0069073783359497,0.0215012960325058,0.0330266703837932,0.0522945804195802,0.0169123068673783,23,0.0253575003856632,39,0.0237953963489599,AD_higher,0.6685869565217392,0.6422101449275363,0.0575764248617269,supports_prior,Aligned AUC is clearly above chance in current IAEAV.,none_detected_in_this_audit,core evidence,stable_signed_prior,higher pause / long-pause / unvoiced burden is more abnormal,"Keep as core evidence, but current n_pauses_per_min conflict means not every pause metric is safe; prioritize long-pause and unvoiced-duration metrics and inspect VAD definition.",prior_acceptable_with_empirical_and_confound_checks,include_current_state_evaluation
S01,pause_fluency_burden,acoustic_fluency_output,7,response_latency,mean_response_latency_sec; median_response_latency_sec,yes,222,dialogue timing,feature extraction / planned analysis,回答启动延迟,从 examiner prompt 结束到 patient speech onset 的时间差,启动延迟增加可提示处理速度或理解负担，但强受访谈者、听力和任务影响。,S01 先报告文献常用静音/长停顿阈值，并同时做数据驱动 CN 分位数校准。,ASHA Dementia; Rohanian et al. 2021; Nasreen et al. 2021; ADReSS/ADReSSo; connected speech reviews,higher_abnormal,1.0,Prior states that higher values indicate greater abnormal burden.,,,,183,0.0,0.0,0.0,0.1366268833333338,0.5535752607142828,0.0625367943223371,23,0.2806829100269313,39,0.3046429502967127,AD_higher,0.5529823028184401,0.5432254448647891,0.146121761553525,weak_support,Aligned AUC is above chance but weak.,none_detected_in_this_audit,core evidence,stable_signed_prior,higher pause / long-pause / unvoiced burden is more abnormal,"Keep as core evidence, but current n_pauses_per_min conflict means not every pause metric is safe; prioritize long-pause and unvoiced-duration metrics and inspect VAD definition.",prior_acceptable_with_empirical_and_confound_checks,include_current_state_evaluation
S01,pause_fluency_burden,acoustic_fluency_output,8,egemaps_MeanUnvoicedSegmentLength,egemaps_MeanUnvoicedSegmentLength,yes,223,acoustic,openSMILE/eGeMAPS acoustic feature extraction,无声段平均长度；功能统计：该属性在整段语音上的汇总值。,openSMILE eGeMAPS 对帧级低层描述符提取统计函数；具体统计含义见“统计含义”列。,平均无声段长度，接近 pause burden。当前 IAEAV 中强差异，和找词困难/处理延迟解释更接近。；AD优先级：高（当前 IAEAV 强差异） | 2026-07: duplicate eGeMAPS copy; not used as independent clinical evidence.,S01 先报告文献常用静音/长停顿阈值，并同时做数据驱动 CN 分位数校准。,ASHA Dementia; Rohanian et al. 2021; Nasreen et al. 2021; ADReSS/ADReSSo; connected speech reviews,higher_abnormal,1.0,Prior states that higher values indicate greater abnormal burden.,0.0,+1,exclude_duplicate_or_qc,184,0.2466520592570304,0.0619665905833244,0.331656813621521,0.4410404413938523,0.5846678659319874,0.2785139403751362,23,0.5125428373398988,39,0.4998486355329171,AD_higher,0.8947826086956522,0.914994425863991,0.4214301874189325,supports_prior,Aligned AUC is clearly above chance in current IAEAV.,high_interviewer_variance,core evidence,stable_signed_prior,higher pause / long-pause / unvoiced burden is more abnormal,"Keep as core evidence, but current n_pauses_per_min conflict means not every pause metric is safe; prioritize long-pause and unvoiced-duration metrics and inspect VAD definition.",prior_acceptable_with_empirical_and_confound_checks,include_current_state_evaluation
S01,pause_fluency_burden,acoustic_fluency_output,9,egemaps_StddevUnvoicedSegmentLength,egemaps_StddevUnvoicedSegmentLength,yes,223,acoustic,openSMILE/eGeMAPS acoustic feature extraction,无声段长度波动；功能统计：该属性在整段语音上的汇总值。,openSMILE eGeMAPS 对帧级低层描述符提取统计函数；具体统计含义见“统计含义”列。,无声段长度不稳定性，反映停顿模式波动。当前 IAEAV 中最强差异之一。；AD优先级：高（当前 IAEAV 强差异） | 2026-07: duplicate eGeMAPS copy; not used as independent clinical evidence.,S01 先报告文献常用静音/长停顿阈值，并同时做数据驱动 CN 分位数校准。,ASHA Dementia; Rohanian et al. 2021; Nasreen et al. 2021; ADReSS/ADReSSo; connected speech reviews,higher_abnormal,1.0,Prior states that higher values indicate greater abnormal burden.,0.0,+1,exclude_duplicate_or_qc,184,0.3525656908750534,0.1197764202952385,0.5205282270908356,0.7885852217674256,1.1974262833595275,0.4347858633846044,23,0.9905420645423556,39,0.9724304018876492,AD_higher,0.8821739130434783,0.9186176142697882,0.4149879168196107,supports_prior,Aligned AUC is clearly above chance in current IAEAV.,high_interviewer_variance,core evidence,stable_signed_prior,higher pause / long-pause / unvoiced burden is more abnormal,"Keep as core evidence, but current n_pauses_per_min conflict means not every pause metric is safe; prioritize long-pause and unvoiced-duration metrics and inspect VAD definition.",prior_acceptable_with_empirical_and_confound_checks,include_current_state_evaluation
S02,speech_rate_output_efficiency,acoustic_fluency_output,1,words_per_min,,no,0,semantic / transcript,ASR transcript linguistic analysis,每分钟词数,n_words / speaking_or_task_duration_min,输出速度降低可提示认知处理、找词或执行功能负担。,不建议直接套固定阈值；用同任务/同语言 CN 分布校准。,ASHA Dementia; ADReSS 2020; connected speech picture-description reviews,lower_abnormal,-1.0,Prior states that lower values indicate greater abnormal burden.,,,,0,,,,,,,0,,0,,not_tested,,,,not_tested,No current IAEAV column matched this spec metric.,not_extracted_or_unmatched,specified but not currently extracted,stable_signed_prior_but_task_sensitive,"lower words/min, lower phonation/output efficiency, or longer completion time is more abnormal",Keep as core evidence after extracting transcript-based speech-rate metrics; current phonation_time_ratio is promising but interviewer-sensitive.,not_empirically_audited_yet,exclude_metric_not_available
S02,speech_rate_output_efficiency,acoustic_fluency_output,2,speech_rate,,no,0,semantic / transcript,ASR transcript linguistic analysis,语速,词/音节数除以总时长，包含停顿,总语速慢通常与停顿和检索负担相关。,不建议直接套固定阈值；用同任务/同语言 CN 分布校准。,ASHA Dementia; ADReSS 2020; connected speech picture-description reviews,lower_abnormal,-1.0,Prior states that lower values indicate greater abnormal burden.,,,,0,,,,,,,0,,0,,not_tested,,,,not_tested,No current IAEAV column matched this spec metric.,not_extracted_or_unmatched,specified but not currently extracted,stable_signed_prior_but_task_sensitive,"lower words/min, lower phonation/output efficiency, or longer completion time is more abnormal",Keep as core evidence after extracting transcript-based speech-rate metrics; current phonation_time_ratio is promising but interviewer-sensitive.,not_empirically_audited_yet,exclude_metric_not_available
S02,speech_rate_output_efficiency,acoustic_fluency_output,3,articulation_rate,,no,0,semantic / transcript,ASR transcript linguistic analysis,构音语速,词/音节数除以发声时长，不含静音停顿,区分真正构音慢和只是停顿多。,不建议直接套固定阈值；用同任务/同语言 CN 分布校准。,ASHA Dementia; ADReSS 2020; connected speech picture-description reviews,lower_abnormal,-1.0,Prior states that lower values indicate greater abnormal burden.,,,,0,,,,,,,0,,0,,not_tested,,,,not_tested,No current IAEAV column matched this spec metric.,not_extracted_or_unmatched,specified but not currently extracted,stable_signed_prior_but_task_sensitive,"lower words/min, lower phonation/output efficiency, or longer completion time is more abnormal",Keep as core evidence after extracting transcript-based speech-rate metrics; current phonation_time_ratio is promising but interviewer-sensitive.,not_empirically_audited_yet,exclude_metric_not_available
S02,speech_rate_output_efficiency,acoustic_fluency_output,4,n_words,n_words,yes,223,semantic / transcript,ASR transcript linguistic analysis,总词数,任务内总词数,"输出量少可提示信息生成或任务完成不足。 | 2026-07: raw word count is weak and task-length dependent; use as coverage/output context, not direct disease mechanism.",不建议直接套固定阈值；用同任务/同语言 CN 分布校准。,ASHA Dementia; ADReSS 2020; connected speech picture-description reviews,lower_abnormal,-1.0,Prior states that lower values indicate greater abnormal burden.,,,qc_sensitive_auxiliary,184,166.5,47.0,230.25,293.0,416.0999999999991,188.46195652173913,23,164.0,39,169.05128205128204,AD_lower,0.5451086956521739,0.5512820512820513,0.1820007546296148,near_random,Metric is near chance in current IAEAV.,task_duration_transcript_length,keep for state context; do not use alone,stable_signed_prior_but_task_sensitive,"lower words/min, lower phonation/output efficiency, or longer completion time is more abnormal",Keep as core evidence after extracting transcript-based speech-rate metrics; current phonation_time_ratio is promising but interviewer-sensitive.,prior_acceptable_with_empirical_and_confound_checks,include_current_state_evaluation
S02,speech_rate_output_efficiency,acoustic_fluency_output,5,mean_segment_words,,no,0,semantic / transcript,ASR transcript linguistic analysis,平均片段词数,每个 ASR/utterance segment 的平均词数,语段短可能提示语句规划或输出连续性差。,不建议直接套固定阈值；用同任务/同语言 CN 分布校准。,ASHA Dementia; ADReSS 2020; connected speech picture-description reviews,lower_abnormal,-1.0,Prior states that lower values indicate greater abnormal burden.,,,,0,,,,,,,0,,0,,not_tested,,,,not_tested,No current IAEAV column matched this spec metric.,not_extracted_or_unmatched,specified but not currently extracted,stable_signed_prior_but_task_sensitive,"lower words/min, lower phonation/output efficiency, or longer completion time is more abnormal",Keep as core evidence after extracting transcript-based speech-rate metrics; current phonation_time_ratio is promising but interviewer-sensitive.,not_empirically_audited_yet,exclude_metric_not_available
S02,speech_rate_output_efficiency,acoustic_fluency_output,6,duration_sec,duration_sec,yes,223,acoustic,quality control / confound assessment,录音/任务时长,音频结束时间 - 开始时间,"用于归一化和可靠性判断；不是 AD 证据本身。 | 2026-07: use for QC, normalization and negative controls only; not doctor-facing disease evidence.",不建议直接套固定阈值；用同任务/同语言 CN 分布校准。,ASHA Dementia; ADReSS 2020; connected speech picture-description reviews,not_disease_direction,0.0,"Longer task duration can indicate lower output efficiency, but it is confound-sensitive.",0.0,+1,qc_only,184,234.24003125,35.60843750000001,271.84998437499996,324.41906875,394.31409999999977,243.8989211956522,23,273.0778206521739,39,269.0250128205128,AD_higher,0.6840217391304347,0.6783723522853957,0.4698767087432819,supports_prior,Aligned AUC is clearly above chance in current IAEAV.,qc_protocol_recording_confound,core evidence,stable_signed_prior_but_task_sensitive,"lower words/min, lower phonation/output efficiency, or longer completion time is more abnormal",Keep as core evidence after extracting transcript-based speech-rate metrics; current phonation_time_ratio is promising but interviewer-sensitive.,prior_acceptable_with_empirical_and_confound_checks,include_current_state_evaluation
S02,speech_rate_output_efficiency,acoustic_fluency_output,7,phonation_time_ratio,phonation_time_ratio,yes,223,acoustic,VAD / temporal acoustic analysis,发声时间占比,voiced/speech time / total duration,发声占比低可能来自停顿多，也可能是录音/任务问题。,不建议直接套固定阈值；用同任务/同语言 CN 分布校准。,ASHA Dementia; ADReSS 2020; connected speech picture-description reviews,lower_abnormal,-1.0,Prior states that lower values indicate greater abnormal burden.,-1.0,-1,core,184,0.6851488309084341,0.0666407276973873,0.7491292900152463,0.8012075224646096,0.8595630951550396,0.6820944172361133,23,0.5398003431926626,39,0.54612648206436,AD_lower,0.8284782608695652,0.8440635451505016,0.4683621109850228,supports_prior,Aligned AUC is clearly above chance in current IAEAV.,high_interviewer_variance,core evidence,stable_signed_prior_but_task_sensitive,"lower words/min, lower phonation/output efficiency, or longer completion time is more abnormal",Keep as core evidence after extracting transcript-based speech-rate metrics; current phonation_time_ratio is promising but interviewer-sensitive.,prior_acceptable_with_empirical_and_confound_checks,include_current_state_evaluation
S03,voicing_articulation_continuity,voice_articulation_auxiliary,1,VoicedSegmentsPerSec,egemaps_VoicedSegmentsPerSec,yes,223,acoustic,openSMILE/eGeMAPS acoustic feature extraction,每秒发声片段数,voiced segment count / duration_sec,发声切分越碎，提示语流连续性下降或发声/录音问题。,不建议直接套固定阈值；用同任务/同语言 CN 分布校准。,eGeMAPS/openSMILE; ADReSSo acoustic baselines,signed_state_specific,,Voicing continuity is state-specific; use current implementation direction when available.,-1.0,-1,support,184,2.463337659835815,0.4178962707519531,2.9154236912727356,3.085934090614319,3.3431625664234157,2.471811147487682,23,1.5939098415167436,39,1.6068915785887303,AD_lower,0.8947826086956522,0.9254459308807136,0.3866317256889085,supports_prior,Aligned AUC is clearly above chance in current IAEAV.,high_interviewer_variance,support evidence,weak_signed_prior,"fragmented voicing can be abnormal, but direction depends on VAD/acoustic implementation","Use as support/auxiliary evidence, not a central clinical claim unless stable across datasets.",do_not_make_signed_clinical_claim,include_auxiliary_only
S03,voicing_articulation_continuity,voice_articulation_auxiliary,2,MeanVoicedSegmentLengthSec,egemaps_MeanVoicedSegmentLengthSec,yes,223,acoustic,openSMILE/eGeMAPS acoustic feature extraction,平均发声片段长度,voiced segment length 的平均值,发声片段短可提示语流断裂。,不建议直接套固定阈值；用同任务/同语言 CN 分布校准。,eGeMAPS/openSMILE; ADReSSo acoustic baselines,signed_state_specific,,Voicing continuity is state-specific; use current implementation direction when available.,-1.0,-1,support,184,0.1233153343200683,0.0198450721800326,0.150883600115776,0.1690717592835425,0.1819171078503131,0.1292558772813366,23,0.125984771096188,39,0.1300504108270009,AD_lower,0.5043478260869565,0.4841137123745819,0.0965627872288005,near_random,Metric is near chance in current IAEAV.,none_detected_in_this_audit,keep for state context; do not use alone,weak_signed_prior,"fragmented voicing can be abnormal, but direction depends on VAD/acoustic implementation","Use as support/auxiliary evidence, not a central clinical claim unless stable across datasets.",do_not_make_signed_clinical_claim,include_auxiliary_only
S03,voicing_articulation_continuity,voice_articulation_auxiliary,3,StddevVoicedSegmentLengthSec,egemaps_StddevVoicedSegmentLengthSec,yes,223,acoustic,openSMILE/eGeMAPS acoustic feature extraction,发声片段长度变异,voiced segment length 的标准差,发声连续性不稳定，辅助解释 fluency。,不建议直接套固定阈值；用同任务/同语言 CN 分布校准。,eGeMAPS/openSMILE; ADReSSo acoustic baselines,signed_state_specific,,Voicing continuity is state-specific; use current implementation direction when available.,1.0,+1,support,184,0.1361067742109298,0.0274600386619567,0.1667725332081317,0.2012691751122474,0.2247193802148103,0.1422691336711463,23,0.1317609587441319,39,0.1347959406482867,AD_lower,0.4534782608695652,0.4492753623188406,0.0547175489284497,near_random,Metric is near chance in current IAEAV.,none_detected_in_this_audit,keep for state context; do not use alone,weak_signed_prior,"fragmented voicing can be abnormal, but direction depends on VAD/acoustic implementation","Use as support/auxiliary evidence, not a central clinical claim unless stable across datasets.",do_not_make_signed_clinical_claim,include_auxiliary_only
S03,voicing_articulation_continuity,voice_articulation_auxiliary,4,loudnessPeaksPerSec,egemaps_loudnessPeaksPerSec,yes,223,acoustic,openSMILE/eGeMAPS acoustic feature extraction,每秒响度峰值,响度峰计数 / duration_sec,近似音节/语流活动强度，受录音影响。,不建议直接套固定阈值；用同任务/同语言 CN 分布校准。,eGeMAPS/openSMILE; ADReSSo acoustic baselines,signed_state_specific,,Voicing continuity is state-specific; use current implementation direction when available.,-1.0,-1,core,184,2.0085994005203247,0.2947819828987121,2.3234280347824097,2.5810888051986702,2.7676785469055174,2.0071176261357637,23,1.6038407942523127,39,1.65705094123498,AD_lower,0.7428260869565217,0.7409420289855072,0.3301236600917491,supports_prior,Aligned AUC is clearly above chance in current IAEAV.,high_interviewer_variance,support evidence,weak_signed_prior,"fragmented voicing can be abnormal, but direction depends on VAD/acoustic implementation","Use as support/auxiliary evidence, not a central clinical claim unless stable across datasets.",do_not_make_signed_clinical_claim,include_auxiliary_only
S03,voicing_articulation_continuity,voice_articulation_auxiliary,5,egemaps_loudnessPeaksPerSec,egemaps_loudnessPeaksPerSec,yes,223,acoustic,openSMILE/eGeMAPS acoustic feature extraction,响度峰频率/节奏；功能统计：该属性在整段语音上的汇总值。,openSMILE eGeMAPS 对帧级低层描述符提取统计函数；具体统计含义见“统计含义”列。,每秒响度峰数量，近似反映音节节奏或语流脉冲密度。；AD优先级：高（当前 IAEAV 强差异） | 2026-07: duplicate eGeMAPS copy; not used as independent clinical evidence.,不建议直接套固定阈值；用同任务/同语言 CN 分布校准。,eGeMAPS/openSMILE; ADReSSo acoustic baselines,signed_state_specific,,Voicing continuity is state-specific; use current implementation direction when available.,0.0,-1,exclude_duplicate_or_qc,184,2.0085994005203247,0.2947819828987121,2.3234280347824097,2.5810888051986702,2.7676785469055174,2.0071176261357637,23,1.6038407942523127,39,1.65705094123498,AD_lower,0.7428260869565217,0.7409420289855072,0.3301236600917491,supports_prior,Aligned AUC is clearly above chance in current IAEAV.,high_interviewer_variance,support evidence,weak_signed_prior,"fragmented voicing can be abnormal, but direction depends on VAD/acoustic implementation","Use as support/auxiliary evidence, not a central clinical claim unless stable across datasets.",do_not_make_signed_clinical_claim,include_auxiliary_only
S03,voicing_articulation_continuity,voice_articulation_auxiliary,6,egemaps_VoicedSegmentsPerSec,egemaps_VoicedSegmentsPerSec,yes,223,acoustic,openSMILE/eGeMAPS acoustic feature extraction,有声段频率；功能统计：该属性在整段语音上的汇总值。,openSMILE eGeMAPS 对帧级低层描述符提取统计函数；具体统计含义见“统计含义”列。,每秒有声片段数量，反映语流连续性、发声启动频率和停顿切分。当前 IAEAV 中是强差异特征。；AD优先级：高（当前 IAEAV 强差异） | 2026-07: duplicate eGeMAPS copy; not used as independent clinical evidence.,不建议直接套固定阈值；用同任务/同语言 CN 分布校准。,eGeMAPS/openSMILE; ADReSSo acoustic baselines,signed_state_specific,,Voicing continuity is state-specific; use current implementation direction when available.,0.0,-1,exclude_duplicate_or_qc,184,2.463337659835815,0.4178962707519531,2.9154236912727356,3.085934090614319,3.3431625664234157,2.471811147487682,23,1.5939098415167436,39,1.6068915785887303,AD_lower,0.8947826086956522,0.9254459308807136,0.3866317256889085,supports_prior,Aligned AUC is clearly above chance in current IAEAV.,high_interviewer_variance,support evidence,weak_signed_prior,"fragmented voicing can be abnormal, but direction depends on VAD/acoustic implementation","Use as support/auxiliary evidence, not a central clinical claim unless stable across datasets.",do_not_make_signed_clinical_claim,include_auxiliary_only
S03,voicing_articulation_continuity,voice_articulation_auxiliary,7,egemaps_MeanVoicedSegmentLengthSec,egemaps_MeanVoicedSegmentLengthSec,yes,223,acoustic,openSMILE/eGeMAPS acoustic feature extraction,有声段平均长度；功能统计：该属性在整段语音上的汇总值。,openSMILE eGeMAPS 对帧级低层描述符提取统计函数；具体统计含义见“统计含义”列。,平均连续发声片段长度，反映语流连续性和停顿切分。；AD优先级：高,不建议直接套固定阈值；用同任务/同语言 CN 分布校准。,eGeMAPS/openSMILE; ADReSSo acoustic baselines,signed_state_specific,,Voicing continuity is state-specific; use current implementation direction when available.,-1.0,-1,support,184,0.1233153343200683,0.0198450721800326,0.150883600115776,0.1690717592835425,0.1819171078503131,0.1292558772813366,23,0.125984771096188,39,0.1300504108270009,AD_lower,0.5043478260869565,0.4841137123745819,0.0965627872288005,near_random,Metric is near chance in current IAEAV.,none_detected_in_this_audit,keep for state context; do not use alone,weak_signed_prior,"fragmented voicing can be abnormal, but direction depends on VAD/acoustic implementation","Use as support/auxiliary evidence, not a central clinical claim unless stable across datasets.",do_not_make_signed_clinical_claim,include_auxiliary_only
S03,voicing_articulation_continuity,voice_articulation_auxiliary,8,egemaps_StddevVoicedSegmentLengthSec,egemaps_StddevVoicedSegmentLengthSec,yes,223,acoustic,openSMILE/eGeMAPS acoustic feature extraction,有声段长度波动；功能统计：该属性在整段语音上的汇总值。,openSMILE eGeMAPS 对帧级低层描述符提取统计函数；具体统计含义见“统计含义”列。,连续发声片段长度的变异性，反映语流稳定性。；AD优先级：中到高,不建议直接套固定阈值；用同任务/同语言 CN 分布校准。,eGeMAPS/openSMILE; ADReSSo acoustic baselines,signed_state_specific,,Voicing continuity is state-specific; use current implementation direction when available.,1.0,+1,support,184,0.1361067742109298,0.0274600386619567,0.1667725332081317,0.2012691751122474,0.2247193802148103,0.1422691336711463,23,0.1317609587441319,39,0.1347959406482867,AD_lower,0.4534782608695652,0.4492753623188406,0.0547175489284497,near_random,Metric is near chance in current IAEAV.,none_detected_in_this_audit,keep for state context; do not use alone,weak_signed_prior,"fragmented voicing can be abnormal, but direction depends on VAD/acoustic implementation","Use as support/auxiliary evidence, not a central clinical claim unless stable across datasets.",do_not_make_signed_clinical_claim,include_auxiliary_only
S04,phonatory_voice_quality,voice_articulation_auxiliary,1,jitterLocal,,no,0,acoustic,openSMILE/eGeMAPS acoustic feature extraction,基频周期扰动,相邻声带周期差异的局部扰动,声带稳定性指标；非 AD 特异，更多作为辅助/混杂。,不建议直接套固定阈值；用同任务/同语言 CN 分布校准。,Fraser et al. 2016; eGeMAPS acoustic studies,bidirectional_deviation,0.0,Auxiliary acoustic pattern: abnormal deviation from CN may be predictive but is not AD-specific.,,,,0,,,,,,,0,,0,,not_tested,,,,not_tested,No current IAEAV column matched this spec metric.,not_extracted_or_unmatched,specified but not currently extracted,no_stable_signed_prior,"bidirectional deviation from CN, not high/low AD direction",Keep as auxiliary predictor or reliability/confound context; do not explain AD via one jitter/shimmer value.,not_empirically_audited_yet,exclude_metric_not_available
S04,phonatory_voice_quality,voice_articulation_auxiliary,2,shimmerLocaldB,,no,0,acoustic,openSMILE/eGeMAPS acoustic feature extraction,振幅扰动,相邻周期振幅变化 dB,声质稳定性指标；受年龄、嗓音疾病、麦克风影响。,不建议直接套固定阈值；用同任务/同语言 CN 分布校准。,Fraser et al. 2016; eGeMAPS acoustic studies,bidirectional_deviation,0.0,Auxiliary acoustic pattern: abnormal deviation from CN may be predictive but is not AD-specific.,,,,0,,,,,,,0,,0,,not_tested,,,,not_tested,No current IAEAV column matched this spec metric.,not_extracted_or_unmatched,specified but not currently extracted,no_stable_signed_prior,"bidirectional deviation from CN, not high/low AD direction",Keep as auxiliary predictor or reliability/confound context; do not explain AD via one jitter/shimmer value.,not_empirically_audited_yet,exclude_metric_not_available
S04,phonatory_voice_quality,voice_articulation_auxiliary,3,HNRdBACF,,no,0,acoustic,openSMILE/eGeMAPS acoustic feature extraction,谐噪比,harmonics-to-noise ratio,低 HNR 表示嗓音噪声多，可能影响特征可靠性。,不建议直接套固定阈值；用同任务/同语言 CN 分布校准。,Fraser et al. 2016; eGeMAPS acoustic studies,bidirectional_deviation,0.0,Auxiliary acoustic pattern: abnormal deviation from CN may be predictive but is not AD-specific.,,,,0,,,,,,,0,,0,,not_tested,,,,not_tested,No current IAEAV column matched this spec metric.,not_extracted_or_unmatched,specified but not currently extracted,no_stable_signed_prior,"bidirectional deviation from CN, not high/low AD direction",Keep as auxiliary predictor or reliability/confound context; do not explain AD via one jitter/shimmer value.,not_empirically_audited_yet,exclude_metric_not_available
S04,phonatory_voice_quality,voice_articulation_auxiliary,4,equivalentSoundLevel_dBp,egemaps_equivalentSoundLevel_dBp,yes,223,acoustic,openSMILE/eGeMAPS acoustic feature extraction,等效声级,全段等效声压/响度估计,"更多用于录音质量和音量控制，不直接支持 AD。 | 2026-07: use for QC, normalization and negative controls only; not doctor-facing disease evidence.",不建议直接套固定阈值；用同任务/同语言 CN 分布校准。,Fraser et al. 2016; eGeMAPS acoustic studies,not_disease_direction,0.0,Auxiliary acoustic pattern: abnormal deviation from CN may be predictive but is not AD-specific.,0.0,+1,qc_only,184,-30.523377418518063,2.4928627014160156,-28.164442539215088,-26.56916160583496,-24.398528909683233,-30.869641003401384,23,-28.597890107528023,39,-28.37884360093337,AD_higher,0.6658695652173913,0.6962095875139354,0.2590230792875711,auxiliary_pattern,"Bidirectional auxiliary feature; use deviation from CN, not signed AD evidence.",qc_protocol_recording_confound,auxiliary predictor,no_stable_signed_prior,"bidirectional deviation from CN, not high/low AD direction",Keep as auxiliary predictor or reliability/confound context; do not explain AD via one jitter/shimmer value.,do_not_make_signed_clinical_claim,include_auxiliary_only
S04,phonatory_voice_quality,voice_articulation_auxiliary,5,egemaps_jitterLocal_sma3nz_amean,egemaps_jitterLocal_sma3nz_amean,yes,223,acoustic,openSMILE/eGeMAPS acoustic feature extraction,声音质量/jitter；均值：该声音属性在整段患者语音中的平均水平。,openSMILE eGeMAPS 对帧级低层描述符提取统计函数；具体统计含义见“统计含义”列。,反映基频周期微扰，即声音抖动；可能提示发声稳定性变化。；AD优先级：中,不建议直接套固定阈值；用同任务/同语言 CN 分布校准。,Fraser et al. 2016; eGeMAPS acoustic studies,bidirectional_deviation,0.0,Auxiliary acoustic pattern: abnormal deviation from CN may be predictive but is not AD-specific.,0.0,|z|(无方向),auxiliary,184,0.0250728204846382,0.0015252111479639,0.0267951884306966,0.0286322491243481,0.0308193783275782,0.0254903099418657,23,0.0278479631018379,39,0.027210553916983,AD_higher,0.6126086956521739,0.5709308807134894,0.0738384312386016,auxiliary_pattern,"Bidirectional auxiliary feature; use deviation from CN, not signed AD evidence.",none_detected_in_this_audit,auxiliary predictor,no_stable_signed_prior,"bidirectional deviation from CN, not high/low AD direction",Keep as auxiliary predictor or reliability/confound context; do not explain AD via one jitter/shimmer value.,do_not_make_signed_clinical_claim,include_auxiliary_only
S04,phonatory_voice_quality,voice_articulation_auxiliary,6,egemaps_jitterLocal_sma3nz_stddevNorm,egemaps_jitterLocal_sma3nz_stddevNorm,yes,223,acoustic,openSMILE/eGeMAPS acoustic feature extraction,声音质量/jitter；标准差/归一化波动：该声音属性的稳定性或变异程度。,openSMILE eGeMAPS 对帧级低层描述符提取统计函数；具体统计含义见“统计含义”列。,反映基频周期微扰，即声音抖动；可能提示发声稳定性变化。；AD优先级：中,不建议直接套固定阈值；用同任务/同语言 CN 分布校准。,Fraser et al. 2016; eGeMAPS acoustic studies,bidirectional_deviation,0.0,Auxiliary acoustic pattern: abnormal deviation from CN may be predictive but is not AD-specific.,0.0,|z|(无方向),auxiliary,184,1.2445099353790283,0.167487323284149,1.4428559839725497,1.6932063102722172,1.8843065708875653,1.2929862815400828,23,1.148706801559614,39,1.191094485613016,AD_lower,0.3921739130434782,0.3903288740245262,0.0878876135646517,auxiliary_pattern,"Bidirectional auxiliary feature; use deviation from CN, not signed AD evidence.",none_detected_in_this_audit,auxiliary predictor,no_stable_signed_prior,"bidirectional deviation from CN, not high/low AD direction",Keep as auxiliary predictor or reliability/confound context; do not explain AD via one jitter/shimmer value.,do_not_make_signed_clinical_claim,include_auxiliary_only
S04,phonatory_voice_quality,voice_articulation_auxiliary,7,egemaps_shimmerLocaldB_sma3nz_amean,egemaps_shimmerLocaldB_sma3nz_amean,yes,223,acoustic,openSMILE/eGeMAPS acoustic feature extraction,声音质量/shimmer；均值：该声音属性在整段患者语音中的平均水平。,openSMILE eGeMAPS 对帧级低层描述符提取统计函数；具体统计含义见“统计含义”列。,反映振幅微扰，即声音强度抖动；可能提示发声稳定性变化。；AD优先级：中,不建议直接套固定阈值；用同任务/同语言 CN 分布校准。,Fraser et al. 2016; eGeMAPS acoustic studies,bidirectional_deviation,0.0,Auxiliary acoustic pattern: abnormal deviation from CN may be predictive but is not AD-specific.,0.0,|z|(无方向),auxiliary,184,1.4863632321357727,0.0446301698684692,1.5316432118415833,1.571140205860138,1.6048105984926224,1.485670571093974,23,1.5701196971146956,39,1.546117550287491,AD_higher,0.658695652173913,0.6358695652173914,0.1649412484283433,auxiliary_pattern,"Bidirectional auxiliary feature; use deviation from CN, not signed AD evidence.",none_detected_in_this_audit,auxiliary predictor,no_stable_signed_prior,"bidirectional deviation from CN, not high/low AD direction",Keep as auxiliary predictor or reliability/confound context; do not explain AD via one jitter/shimmer value.,do_not_make_signed_clinical_claim,include_auxiliary_only
S04,phonatory_voice_quality,voice_articulation_auxiliary,8,egemaps_shimmerLocaldB_sma3nz_stddevNorm,egemaps_shimmerLocaldB_sma3nz_stddevNorm,yes,223,acoustic,openSMILE/eGeMAPS acoustic feature extraction,声音质量/shimmer；标准差/归一化波动：该声音属性的稳定性或变异程度。,openSMILE eGeMAPS 对帧级低层描述符提取统计函数；具体统计含义见“统计含义”列。,反映振幅微扰，即声音强度抖动；可能提示发声稳定性变化。；AD优先级：中,不建议直接套固定阈值；用同任务/同语言 CN 分布校准。,Fraser et al. 2016; eGeMAPS acoustic studies,bidirectional_deviation,0.0,Auxiliary acoustic pattern: abnormal deviation from CN may be predictive but is not AD-specific.,0.0,|z|(无方向),auxiliary,184,0.4833467304706573,0.0141261518001556,0.4976157695055007,0.5106814801692963,0.533772423863411,0.483634491653546,23,0.4825447072153506,39,0.4839402093337132,AD_lower,0.3567391304347826,0.3605072463768116,0.162503155057665,auxiliary_pattern,"Bidirectional auxiliary feature; use deviation from CN, not signed AD evidence.",none_detected_in_this_audit,auxiliary predictor,no_stable_signed_prior,"bidirectional deviation from CN, not high/low AD direction",Keep as auxiliary predictor or reliability/confound context; do not explain AD via one jitter/shimmer value.,do_not_make_signed_clinical_claim,include_auxiliary_only
S04,phonatory_voice_quality,voice_articulation_auxiliary,9,egemaps_HNRdBACF_sma3nz_amean,egemaps_HNRdBACF_sma3nz_amean,yes,223,acoustic,openSMILE/eGeMAPS acoustic feature extraction,声音质量/HNR；均值：该声音属性在整段患者语音中的平均水平。,openSMILE eGeMAPS 对帧级低层描述符提取统计函数；具体统计含义见“统计含义”列。,谐噪比，反映声音中周期性成分相对噪声的比例；可表示声音清晰度和稳定性。；AD优先级：中,不建议直接套固定阈值；用同任务/同语言 CN 分布校准。,Fraser et al. 2016; eGeMAPS acoustic studies,bidirectional_deviation,0.0,Auxiliary acoustic pattern: abnormal deviation from CN may be predictive but is not AD-specific.,0.0,|z|(无方向),auxiliary,184,2.243437647819519,0.395928144454956,2.687447130680084,3.254318618774414,3.5288859426975248,2.2953501099153706,23,2.147384386995564,39,2.172816441609309,AD_lower,0.4532608695652174,0.4790969899665552,0.1113643586140887,auxiliary_pattern,"Bidirectional auxiliary feature; use deviation from CN, not signed AD evidence.",none_detected_in_this_audit,auxiliary predictor,no_stable_signed_prior,"bidirectional deviation from CN, not high/low AD direction",Keep as auxiliary predictor or reliability/confound context; do not explain AD via one jitter/shimmer value.,do_not_make_signed_clinical_claim,include_auxiliary_only
S04,phonatory_voice_quality,voice_articulation_auxiliary,10,egemaps_HNRdBACF_sma3nz_stddevNorm,egemaps_HNRdBACF_sma3nz_stddevNorm,yes,223,acoustic,openSMILE/eGeMAPS acoustic feature extraction,声音质量/HNR；标准差/归一化波动：该声音属性的稳定性或变异程度。,openSMILE eGeMAPS 对帧级低层描述符提取统计函数；具体统计含义见“统计含义”列。,谐噪比，反映声音中周期性成分相对噪声的比例；可表示声音清晰度和稳定性。；AD优先级：中,不建议直接套固定阈值；用同任务/同语言 CN 分布校准。,Fraser et al. 2016; eGeMAPS acoustic studies,bidirectional_deviation,0.0,Auxiliary acoustic pattern: abnormal deviation from CN may be predictive but is not AD-specific.,0.0,|z|(无方向),auxiliary,184,1.026924192905426,0.1931818127632141,1.2526760399341583,1.6197039723396305,2.0079446882009475,1.1294047178133677,23,1.230229667995287,39,1.2282701608462212,AD_higher,0.4432608695652174,0.4763099219620959,0.04694695481158,auxiliary_pattern,"Bidirectional auxiliary feature; use deviation from CN, not signed AD evidence.",none_detected_in_this_audit,auxiliary predictor,no_stable_signed_prior,"bidirectional deviation from CN, not high/low AD direction",Keep as auxiliary predictor or reliability/confound context; do not explain AD via one jitter/shimmer value.,do_not_make_signed_clinical_claim,include_auxiliary_only
S05,prosody_expressivity,voice_articulation_auxiliary,1,F0semitoneFrom27.5Hz_sma3nz_amean,egemaps_F0semitoneFrom27.5Hz_sma3nz_amean,yes,223,acoustic,openSMILE/eGeMAPS acoustic feature extraction,平均基频,F0 转半音后的均值,表达/韵律基线，受性别年龄影响。,不建议直接套固定阈值；用同任务/同语言 CN 分布校准。,eGeMAPS/ComParE prosody studies; AD speech acoustic reviews,bidirectional_deviation,0.0,Auxiliary acoustic pattern: abnormal deviation from CN may be predictive but is not AD-specific.,0.0,|z|(无方向),auxiliary,184,31.097479820251465,2.1278762817382812,32.91923713684082,34.6976016998291,35.62146692276001,30.788438568944517,23,30.900918214217477,39,30.92329612145057,AD_higher,0.3184782608695652,0.3619007803790413,0.3330433633399906,auxiliary_pattern,"Bidirectional auxiliary feature; use deviation from CN, not signed AD evidence.",high_interviewer_variance,auxiliary predictor,no_stable_signed_prior,bidirectional prosodic deviation; task/language/recording sensitive,Auxiliary only. Current high AUC plus high interviewer eta2 suggests confound risk.,do_not_make_signed_clinical_claim,include_auxiliary_only
S05,prosody_expressivity,voice_articulation_auxiliary,2,F0semitoneFrom27.5Hz_sma3nz_stddevNorm,egemaps_F0semitoneFrom27.5Hz_sma3nz_stddevNorm,yes,223,acoustic,openSMILE/eGeMAPS acoustic feature extraction,基频变异,F0 标准差归一化,韵律变化少可能提示表达性降低，但非特异。,不建议直接套固定阈值；用同任务/同语言 CN 分布校准。,eGeMAPS/ComParE prosody studies; AD speech acoustic reviews,bidirectional_deviation,0.0,Auxiliary acoustic pattern: abnormal deviation from CN may be predictive but is not AD-specific.,0.0,|z|(无方向),auxiliary,184,0.1669713556766509,0.028230719268322,0.1982675120234489,0.2374558866024017,0.2637401007115839,0.170893119526622,23,0.1350519216578939,39,0.1363218424794001,AD_lower,0.528695652173913,0.5379041248606466,0.1802703252972098,auxiliary_pattern,"Bidirectional auxiliary feature; use deviation from CN, not signed AD evidence.",none_detected_in_this_audit,auxiliary predictor,no_stable_signed_prior,bidirectional prosodic deviation; task/language/recording sensitive,Auxiliary only. Current high AUC plus high interviewer eta2 suggests confound risk.,do_not_make_signed_clinical_claim,include_auxiliary_only
S05,prosody_expressivity,voice_articulation_auxiliary,3,loudness_sma3_amean,egemaps_loudness_sma3_amean,yes,223,acoustic,openSMILE/eGeMAPS acoustic feature extraction,平均响度,响度平滑序列均值,"表达强度和录音音量混合指标。 | 2026-07: use for QC, normalization and negative controls only; not doctor-facing disease evidence.",不建议直接套固定阈值；用同任务/同语言 CN 分布校准。,eGeMAPS/ComParE prosody studies; AD speech acoustic reviews,not_disease_direction,0.0,Auxiliary acoustic pattern: abnormal deviation from CN may be predictive but is not AD-specific.,0.0,|z|(无方向),qc_only,184,0.4763890504837036,0.0984197407960891,0.5757980942726135,0.6849279284477235,0.8060244709253307,0.488694089424351,23,0.4655573121879411,39,0.485892517444415,AD_lower,0.4026086956521739,0.423355629877369,0.2664754017222282,auxiliary_pattern,"Bidirectional auxiliary feature; use deviation from CN, not signed AD evidence.",qc_protocol_recording_confound,auxiliary predictor,no_stable_signed_prior,bidirectional prosodic deviation; task/language/recording sensitive,Auxiliary only. Current high AUC plus high interviewer eta2 suggests confound risk.,do_not_make_signed_clinical_claim,include_auxiliary_only
S05,prosody_expressivity,voice_articulation_auxiliary,4,loudness_sma3_stddevNorm,egemaps_loudness_sma3_stddevNorm,yes,223,acoustic,openSMILE/eGeMAPS acoustic feature extraction,响度变异,响度标准差归一化,韵律/表达变化，受录音影响。,不建议直接套固定阈值；用同任务/同语言 CN 分布校准。,eGeMAPS/ComParE prosody studies; AD speech acoustic reviews,bidirectional_deviation,0.0,Auxiliary acoustic pattern: abnormal deviation from CN may be predictive but is not AD-specific.,0.0,|z|(无方向),auxiliary,184,0.6346845626831055,0.0479750633239746,0.68153215944767,0.7207202255725861,0.827266103029251,0.6401337976364986,23,0.8609297716099283,39,0.8518233452087793,AD_higher,0.9293478260869564,0.9559643255295428,0.6290708253935986,auxiliary_pattern,"Bidirectional auxiliary feature; use deviation from CN, not signed AD evidence.",high_interviewer_variance,auxiliary predictor,no_stable_signed_prior,bidirectional prosodic deviation; task/language/recording sensitive,Auxiliary only. Current high AUC plus high interviewer eta2 suggests confound risk.,do_not_make_signed_clinical_claim,include_auxiliary_only
S05,prosody_expressivity,voice_articulation_auxiliary,5,spectralFlux_sma3_amean,egemaps_spectralFlux_sma3_amean,yes,223,acoustic,openSMILE/eGeMAPS acoustic feature extraction,频谱变化率,相邻帧频谱变化平均,发音动态变化，辅助声学模式。,不建议直接套固定阈值；用同任务/同语言 CN 分布校准。,eGeMAPS/ComParE prosody studies; AD speech acoustic reviews,bidirectional_deviation,0.0,Auxiliary acoustic pattern: abnormal deviation from CN may be predictive but is not AD-specific.,0.0,|z|(无方向),auxiliary,184,0.179676167666912,0.0561913736164569,0.2382588535547256,0.3002684593200684,0.3846076361835002,0.1908470623235663,23,0.2127893110332281,39,0.219955044106031,AD_higher,0.4456521739130434,0.4586120401337792,0.2331818011722825,auxiliary_pattern,"Bidirectional auxiliary feature; use deviation from CN, not signed AD evidence.",high_interviewer_variance,auxiliary predictor,no_stable_signed_prior,bidirectional prosodic deviation; task/language/recording sensitive,Auxiliary only. Current high AUC plus high interviewer eta2 suggests confound risk.,do_not_make_signed_clinical_claim,include_auxiliary_only
S05,prosody_expressivity,voice_articulation_auxiliary,6,egemaps_F0semitoneFrom27.5Hz_sma3nz_amean,egemaps_F0semitoneFrom27.5Hz_sma3nz_amean,yes,223,acoustic,openSMILE/eGeMAPS acoustic feature extraction,基频/音高；均值：该声音属性在整段患者语音中的平均水平。,openSMILE eGeMAPS 对帧级低层描述符提取统计函数；具体统计含义见“统计含义”列。,反映音高水平、音高变化范围和音调动态；可间接反映韵律控制、表达活力和发声稳定性。；AD优先级：中,不建议直接套固定阈值；用同任务/同语言 CN 分布校准。,eGeMAPS/ComParE prosody studies; AD speech acoustic reviews,bidirectional_deviation,0.0,Auxiliary acoustic pattern: abnormal deviation from CN may be predictive but is not AD-specific.,0.0,|z|(无方向),auxiliary,184,31.097479820251465,2.1278762817382812,32.91923713684082,34.6976016998291,35.62146692276001,30.788438568944517,23,30.900918214217477,39,30.92329612145057,AD_higher,0.3184782608695652,0.3619007803790413,0.3330433633399906,auxiliary_pattern,"Bidirectional auxiliary feature; use deviation from CN, not signed AD evidence.",high_interviewer_variance,auxiliary predictor,no_stable_signed_prior,bidirectional prosodic deviation; task/language/recording sensitive,Auxiliary only. Current high AUC plus high interviewer eta2 suggests confound risk.,do_not_make_signed_clinical_claim,include_auxiliary_only
S05,prosody_expressivity,voice_articulation_auxiliary,7,egemaps_F0semitoneFrom27.5Hz_sma3nz_stddevNorm,egemaps_F0semitoneFrom27.5Hz_sma3nz_stddevNorm,yes,223,acoustic,openSMILE/eGeMAPS acoustic feature extraction,基频/音高；标准差/归一化波动：该声音属性的稳定性或变异程度。,openSMILE eGeMAPS 对帧级低层描述符提取统计函数；具体统计含义见“统计含义”列。,反映音高水平、音高变化范围和音调动态；可间接反映韵律控制、表达活力和发声稳定性。；AD优先级：中,不建议直接套固定阈值；用同任务/同语言 CN 分布校准。,eGeMAPS/ComParE prosody studies; AD speech acoustic reviews,bidirectional_deviation,0.0,Auxiliary acoustic pattern: abnormal deviation from CN may be predictive but is not AD-specific.,0.0,|z|(无方向),auxiliary,184,0.1669713556766509,0.028230719268322,0.1982675120234489,0.2374558866024017,0.2637401007115839,0.170893119526622,23,0.1350519216578939,39,0.1363218424794001,AD_lower,0.528695652173913,0.5379041248606466,0.1802703252972098,auxiliary_pattern,"Bidirectional auxiliary feature; use deviation from CN, not signed AD evidence.",none_detected_in_this_audit,auxiliary predictor,no_stable_signed_prior,bidirectional prosodic deviation; task/language/recording sensitive,Auxiliary only. Current high AUC plus high interviewer eta2 suggests confound risk.,do_not_make_signed_clinical_claim,include_auxiliary_only
S05,prosody_expressivity,voice_articulation_auxiliary,8,egemaps_F0semitoneFrom27.5Hz_sma3nz_percentile20.0,egemaps_F0semitoneFrom27.5Hz_sma3nz_percentile20.0,yes,223,acoustic,openSMILE/eGeMAPS acoustic feature extraction,基频/音高；20 分位数：较低水平的代表值。,openSMILE eGeMAPS 对帧级低层描述符提取统计函数；具体统计含义见“统计含义”列。,反映音高水平、音高变化范围和音调动态；可间接反映韵律控制、表达活力和发声稳定性。；AD优先级：中,不建议直接套固定阈值；用同任务/同语言 CN 分布校准。,eGeMAPS/ComParE prosody studies; AD speech acoustic reviews,bidirectional_deviation,0.0,Auxiliary acoustic pattern: abnormal deviation from CN may be predictive but is not AD-specific.,0.0,|z|(无方向),auxiliary,184,25.00108051300049,2.6228246688842773,29.43204116821289,32.17395858764649,33.24327640533447,26.11406855997832,23,27.93243806258492,39,27.958719840416546,AD_higher,0.4921739130434782,0.4859253065774805,0.0854625149292426,auxiliary_pattern,"Bidirectional auxiliary feature; use deviation from CN, not signed AD evidence.",none_detected_in_this_audit,auxiliary predictor,no_stable_signed_prior,bidirectional prosodic deviation; task/language/recording sensitive,Auxiliary only. Current high AUC plus high interviewer eta2 suggests confound risk.,do_not_make_signed_clinical_claim,include_auxiliary_only
S05,prosody_expressivity,voice_articulation_auxiliary,9,egemaps_F0semitoneFrom27.5Hz_sma3nz_percentile50.0,egemaps_F0semitoneFrom27.5Hz_sma3nz_percentile50.0,yes,223,acoustic,openSMILE/eGeMAPS acoustic feature extraction,基频/音高；50 分位数/中位数：典型水平。,openSMILE eGeMAPS 对帧级低层描述符提取统计函数；具体统计含义见“统计含义”列。,反映音高水平、音高变化范围和音调动态；可间接反映韵律控制、表达活力和发声稳定性。；AD优先级：中,不建议直接套固定阈值；用同任务/同语言 CN 分布校准。,eGeMAPS/ComParE prosody studies; AD speech acoustic reviews,bidirectional_deviation,0.0,Auxiliary acoustic pattern: abnormal deviation from CN may be predictive but is not AD-specific.,0.0,|z|(无方向),auxiliary,184,30.953765869140625,2.645814895629883,33.39860916137695,34.83369445800781,35.78600511550903,30.443390245022982,23,30.635870892068613,39,30.6370545900785,AD_higher,0.313695652173913,0.3609253065774805,0.1798156077523237,auxiliary_pattern,"Bidirectional auxiliary feature; use deviation from CN, not signed AD evidence.",none_detected_in_this_audit,auxiliary predictor,no_stable_signed_prior,bidirectional prosodic deviation; task/language/recording sensitive,Auxiliary only. Current high AUC plus high interviewer eta2 suggests confound risk.,do_not_make_signed_clinical_claim,include_auxiliary_only
S05,prosody_expressivity,voice_articulation_auxiliary,10,egemaps_F0semitoneFrom27.5Hz_sma3nz_percentile80.0,egemaps_F0semitoneFrom27.5Hz_sma3nz_percentile80.0,yes,223,acoustic,openSMILE/eGeMAPS acoustic feature extraction,基频/音高；80 分位数：较高水平的代表值。,openSMILE eGeMAPS 对帧级低层描述符提取统计函数；具体统计含义见“统计含义”列。,反映音高水平、音高变化范围和音调动态；可间接反映韵律控制、表达活力和发声稳定性。；AD优先级：中,不建议直接套固定阈值；用同任务/同语言 CN 分布校准。,eGeMAPS/ComParE prosody studies; AD speech acoustic reviews,bidirectional_deviation,0.0,Auxiliary acoustic pattern: abnormal deviation from CN may be predictive but is not AD-specific.,0.0,|z|(无方向),auxiliary,184,36.149709701538086,1.8056602478027344,37.55150890350342,38.36745719909669,39.76791105270386,35.104525690493375,23,33.77591083360755,39,33.799711276323364,AD_lower,0.5882608695652174,0.5588071348940914,0.5934830455808094,auxiliary_pattern,"Bidirectional auxiliary feature; use deviation from CN, not signed AD evidence.",high_interviewer_variance,auxiliary predictor,no_stable_signed_prior,bidirectional prosodic deviation; task/language/recording sensitive,Auxiliary only. Current high AUC plus high interviewer eta2 suggests confound risk.,do_not_make_signed_clinical_claim,include_auxiliary_only
S05,prosody_expressivity,voice_articulation_auxiliary,11,egemaps_F0semitoneFrom27.5Hz_sma3nz_pctlrange0-2,egemaps_F0semitoneFrom27.5Hz_sma3nz_pctlrange0-2,yes,223,acoustic,openSMILE/eGeMAPS acoustic feature extraction,基频/音高；分位范围：高低分位差，表示动态范围。,openSMILE eGeMAPS 对帧级低层描述符提取统计函数；具体统计含义见“统计含义”列。,反映音高水平、音高变化范围和音调动态；可间接反映韵律控制、表达活力和发声稳定性。；AD优先级：中,不建议直接套固定阈值；用同任务/同语言 CN 分布校准。,eGeMAPS/ComParE prosody studies; AD speech acoustic reviews,bidirectional_deviation,0.0,Auxiliary acoustic pattern: abnormal deviation from CN may be predictive but is not AD-specific.,0.0,|z|(无方向),auxiliary,184,8.086112022399902,2.9366683959960938,11.831179618835453,14.699963188171388,15.827214622497554,8.990457130515058,23,5.843472771022631,39,5.840991435906826,AD_lower,0.4480434782608695,0.4170847268673355,0.2505871507474793,auxiliary_pattern,"Bidirectional auxiliary feature; use deviation from CN, not signed AD evidence.",high_interviewer_variance,auxiliary predictor,no_stable_signed_prior,bidirectional prosodic deviation; task/language/recording sensitive,Auxiliary only. Current high AUC plus high interviewer eta2 suggests confound risk.,do_not_make_signed_clinical_claim,include_auxiliary_only
S05,prosody_expressivity,voice_articulation_auxiliary,12,egemaps_F0semitoneFrom27.5Hz_sma3nz_meanRisingSlope,egemaps_F0semitoneFrom27.5Hz_sma3nz_meanRisingSlope,yes,223,acoustic,openSMILE/eGeMAPS acoustic feature extraction,基频/音高；平均上升斜率：该属性上升变化的速度。,openSMILE eGeMAPS 对帧级低层描述符提取统计函数；具体统计含义见“统计含义”列。,反映音高水平、音高变化范围和音调动态；可间接反映韵律控制、表达活力和发声稳定性。；AD优先级：中,不建议直接套固定阈值；用同任务/同语言 CN 分布校准。,eGeMAPS/ComParE prosody studies; AD speech acoustic reviews,bidirectional_deviation,0.0,Auxiliary acoustic pattern: abnormal deviation from CN may be predictive but is not AD-specific.,0.0,|z|(无方向),auxiliary,184,127.92731475830078,24.33603286743164,156.78285217285156,189.94464721679697,228.43936500549296,133.62778528876927,23,133.68883514404297,39,132.75577936417017,AD_higher,0.5560869565217391,0.5518394648829431,0.0415306457734549,auxiliary_pattern,"Bidirectional auxiliary feature; use deviation from CN, not signed AD evidence.",none_detected_in_this_audit,auxiliary predictor,no_stable_signed_prior,bidirectional prosodic deviation; task/language/recording sensitive,Auxiliary only. Current high AUC plus high interviewer eta2 suggests confound risk.,do_not_make_signed_clinical_claim,include_auxiliary_only
S05,prosody_expressivity,voice_articulation_auxiliary,13,egemaps_F0semitoneFrom27.5Hz_sma3nz_stddevRisingSlope,egemaps_F0semitoneFrom27.5Hz_sma3nz_stddevRisingSlope,yes,223,acoustic,openSMILE/eGeMAPS acoustic feature extraction,基频/音高；上升斜率波动：上升变化速度是否稳定。,openSMILE eGeMAPS 对帧级低层描述符提取统计函数；具体统计含义见“统计含义”列。,反映音高水平、音高变化范围和音调动态；可间接反映韵律控制、表达活力和发声稳定性。；AD优先级：中,不建议直接套固定阈值；用同任务/同语言 CN 分布校准。,eGeMAPS/ComParE prosody studies; AD speech acoustic reviews,bidirectional_deviation,0.0,Auxiliary acoustic pattern: abnormal deviation from CN may be predictive but is not AD-specific.,0.0,|z|(无方向),auxiliary,184,236.36534118652344,56.635597229003906,301.1267318725586,369.47254333496096,472.6082687377929,249.2314304061558,23,271.2927116725756,39,264.8355296208308,AD_higher,0.5693478260869566,0.5600613154960981,0.0260338458183321,auxiliary_pattern,"Bidirectional auxiliary feature; use deviation from CN, not signed AD evidence.",none_detected_in_this_audit,auxiliary predictor,no_stable_signed_prior,bidirectional prosodic deviation; task/language/recording sensitive,Auxiliary only. Current high AUC plus high interviewer eta2 suggests confound risk.,do_not_make_signed_clinical_claim,include_auxiliary_only
S05,prosody_expressivity,voice_articulation_auxiliary,14,egemaps_F0semitoneFrom27.5Hz_sma3nz_meanFallingSlope,egemaps_F0semitoneFrom27.5Hz_sma3nz_meanFallingSlope,yes,223,acoustic,openSMILE/eGeMAPS acoustic feature extraction,基频/音高；平均下降斜率：该属性下降变化的速度。,openSMILE eGeMAPS 对帧级低层描述符提取统计函数；具体统计含义见“统计含义”列。,反映音高水平、音高变化范围和音调动态；可间接反映韵律控制、表达活力和发声稳定性。；AD优先级：中,不建议直接套固定阈值；用同任务/同语言 CN 分布校准。,eGeMAPS/ComParE prosody studies; AD speech acoustic reviews,bidirectional_deviation,0.0,Auxiliary acoustic pattern: abnormal deviation from CN may be predictive but is not AD-specific.,0.0,|z|(无方向),auxiliary,184,111.15267562866212,22.170948028564453,137.08529663085938,159.53583984375,191.37513656616204,115.72404691447382,23,123.21532440185548,39,122.99002349071012,AD_higher,0.4680434782608695,0.5264771460423634,0.043503474562003,auxiliary_pattern,"Bidirectional auxiliary feature; use deviation from CN, not signed AD evidence.",none_detected_in_this_audit,auxiliary predictor,no_stable_signed_prior,bidirectional prosodic deviation; task/language/recording sensitive,Auxiliary only. Current high AUC plus high interviewer eta2 suggests confound risk.,do_not_make_signed_clinical_claim,include_auxiliary_only
S05,prosody_expressivity,voice_articulation_auxiliary,15,egemaps_F0semitoneFrom27.5Hz_sma3nz_stddevFallingSlope,egemaps_F0semitoneFrom27.5Hz_sma3nz_stddevFallingSlope,yes,223,acoustic,openSMILE/eGeMAPS acoustic feature extraction,基频/音高；下降斜率波动：下降变化速度是否稳定。,openSMILE eGeMAPS 对帧级低层描述符提取统计函数；具体统计含义见“统计含义”列。,反映音高水平、音高变化范围和音调动态；可间接反映韵律控制、表达活力和发声稳定性。；AD优先级：中,不建议直接套固定阈值；用同任务/同语言 CN 分布校准。,eGeMAPS/ComParE prosody studies; AD speech acoustic reviews,bidirectional_deviation,0.0,Auxiliary acoustic pattern: abnormal deviation from CN may be predictive but is not AD-specific.,0.0,|z|(无方向),auxiliary,184,228.7155609130859,57.49891662597656,282.7975311279297,357.0649719238281,415.9502243041991,234.37476209972215,23,240.61978381613025,39,240.73431670360077,AD_higher,0.4697826086956522,0.4979096989966555,0.0519748129535779,auxiliary_pattern,"Bidirectional auxiliary feature; use deviation from CN, not signed AD evidence.",none_detected_in_this_audit,auxiliary predictor,no_stable_signed_prior,bidirectional prosodic deviation; task/language/recording sensitive,Auxiliary only. Current high AUC plus high interviewer eta2 suggests confound risk.,do_not_make_signed_clinical_claim,include_auxiliary_only
S05,prosody_expressivity,voice_articulation_auxiliary,16,egemaps_loudness_sma3_amean,egemaps_loudness_sma3_amean,yes,223,acoustic,openSMILE/eGeMAPS acoustic feature extraction,响度/音量动态；均值：该声音属性在整段患者语音中的平均水平。,openSMILE eGeMAPS 对帧级低层描述符提取统计函数；具体统计含义见“统计含义”列。,反映说话强度、音量稳定性和动态范围；可能关联发声能量、韵律弱化和表达活力。；AD优先级：中 | 2026-07: duplicate eGeMAPS copy; not used as independent clinical evidence.,不建议直接套固定阈值；用同任务/同语言 CN 分布校准。,eGeMAPS/ComParE prosody studies; AD speech acoustic reviews,bidirectional_deviation,0.0,Auxiliary acoustic pattern: abnormal deviation from CN may be predictive but is not AD-specific.,0.0,|z|(无方向),exclude_duplicate_or_qc,184,0.4763890504837036,0.0984197407960891,0.5757980942726135,0.6849279284477235,0.8060244709253307,0.488694089424351,23,0.4655573121879411,39,0.485892517444415,AD_lower,0.4026086956521739,0.423355629877369,0.2664754017222282,auxiliary_pattern,"Bidirectional auxiliary feature; use deviation from CN, not signed AD evidence.",high_interviewer_variance,auxiliary predictor,no_stable_signed_prior,bidirectional prosodic deviation; task/language/recording sensitive,Auxiliary only. Current high AUC plus high interviewer eta2 suggests confound risk.,do_not_make_signed_clinical_claim,include_auxiliary_only
S05,prosody_expressivity,voice_articulation_auxiliary,17,egemaps_loudness_sma3_stddevNorm,egemaps_loudness_sma3_stddevNorm,yes,223,acoustic,openSMILE/eGeMAPS acoustic feature extraction,响度/音量动态；标准差/归一化波动：该声音属性的稳定性或变异程度。,openSMILE eGeMAPS 对帧级低层描述符提取统计函数；具体统计含义见“统计含义”列。,反映说话强度、音量稳定性和动态范围；可能关联发声能量、韵律弱化和表达活力。；AD优先级：高（当前 IAEAV 强差异） | 2026-07: duplicate eGeMAPS copy; not used as independent clinical evidence.,不建议直接套固定阈值；用同任务/同语言 CN 分布校准。,eGeMAPS/ComParE prosody studies; AD speech acoustic reviews,bidirectional_deviation,0.0,Auxiliary acoustic pattern: abnormal deviation from CN may be predictive but is not AD-specific.,0.0,|z|(无方向),exclude_duplicate_or_qc,184,0.6346845626831055,0.0479750633239746,0.68153215944767,0.7207202255725861,0.827266103029251,0.6401337976364986,23,0.8609297716099283,39,0.8518233452087793,AD_higher,0.9293478260869564,0.9559643255295428,0.6290708253935986,auxiliary_pattern,"Bidirectional auxiliary feature; use deviation from CN, not signed AD evidence.",high_interviewer_variance,auxiliary predictor,no_stable_signed_prior,bidirectional prosodic deviation; task/language/recording sensitive,Auxiliary only. Current high AUC plus high interviewer eta2 suggests confound risk.,do_not_make_signed_clinical_claim,include_auxiliary_only
S05,prosody_expressivity,voice_articulation_auxiliary,18,egemaps_loudness_sma3_percentile20.0,egemaps_loudness_sma3_percentile20.0,yes,223,acoustic,openSMILE/eGeMAPS acoustic feature extraction,响度/音量动态；20 分位数：较低水平的代表值。,openSMILE eGeMAPS 对帧级低层描述符提取统计函数；具体统计含义见“统计含义”列。,反映说话强度、音量稳定性和动态范围；可能关联发声能量、韵律弱化和表达活力。；AD优先级：中,不建议直接套固定阈值；用同任务/同语言 CN 分布校准。,eGeMAPS/ComParE prosody studies; AD speech acoustic reviews,bidirectional_deviation,0.0,Auxiliary acoustic pattern: abnormal deviation from CN may be predictive but is not AD-specific.,0.0,|z|(无方向),auxiliary,184,0.1980625241994857,0.0401433035731316,0.2453934736549853,0.2915943443775177,0.3971564710140227,0.2093945670387019,23,0.1674230607307475,39,0.1721262257450665,AD_lower,0.5108695652173914,0.4673913043478261,0.2333348832766593,auxiliary_pattern,"Bidirectional auxiliary feature; use deviation from CN, not signed AD evidence.",high_interviewer_variance,auxiliary predictor,no_stable_signed_prior,bidirectional prosodic deviation; task/language/recording sensitive,Auxiliary only. Current high AUC plus high interviewer eta2 suggests confound risk.,do_not_make_signed_clinical_claim,include_auxiliary_only
S05,prosody_expressivity,voice_articulation_auxiliary,19,egemaps_loudness_sma3_percentile50.0,egemaps_loudness_sma3_percentile50.0,yes,223,acoustic,openSMILE/eGeMAPS acoustic feature extraction,响度/音量动态；50 分位数/中位数：典型水平。,openSMILE eGeMAPS 对帧级低层描述符提取统计函数；具体统计含义见“统计含义”列。,反映说话强度、音量稳定性和动态范围；可能关联发声能量、韵律弱化和表达活力。；AD优先级：高（当前 IAEAV 强差异）,不建议直接套固定阈值；用同任务/同语言 CN 分布校准。,eGeMAPS/ComParE prosody studies; AD speech acoustic reviews,bidirectional_deviation,0.0,Auxiliary acoustic pattern: abnormal deviation from CN may be predictive but is not AD-specific.,0.0,|z|(无方向),auxiliary,184,0.4047697484493255,0.0919181555509567,0.4954098165035248,0.5784115433692932,0.7213584348559379,0.4137612589351508,23,0.2888146826754446,39,0.3071328684305533,AD_lower,0.6341304347826087,0.6325250836120402,0.3681656699934781,auxiliary_pattern,"Bidirectional auxiliary feature; use deviation from CN, not signed AD evidence.",high_interviewer_variance,auxiliary predictor,no_stable_signed_prior,bidirectional prosodic deviation; task/language/recording sensitive,Auxiliary only. Current high AUC plus high interviewer eta2 suggests confound risk.,do_not_make_signed_clinical_claim,include_auxiliary_only
S05,prosody_expressivity,voice_articulation_auxiliary,20,egemaps_loudness_sma3_percentile80.0,egemaps_loudness_sma3_percentile80.0,yes,223,acoustic,openSMILE/eGeMAPS acoustic feature extraction,响度/音量动态；80 分位数：较高水平的代表值。,openSMILE eGeMAPS 对帧级低层描述符提取统计函数；具体统计含义见“统计含义”列。,反映说话强度、音量稳定性和动态范围；可能关联发声能量、韵律弱化和表达活力。；AD优先级：中,不建议直接套固定阈值；用同任务/同语言 CN 分布校准。,eGeMAPS/ComParE prosody studies; AD speech acoustic reviews,bidirectional_deviation,0.0,Auxiliary acoustic pattern: abnormal deviation from CN may be predictive but is not AD-specific.,0.0,|z|(无方向),auxiliary,184,0.7177875638008118,0.1499443352222442,0.8696536421775818,1.0289571285247805,1.1727811992168429,0.7282723241850085,23,0.743565453135449,39,0.7840478802338625,AD_higher,0.4928260869565217,0.5032051282051282,0.2633734228994805,auxiliary_pattern,"Bidirectional auxiliary feature; use deviation from CN, not signed AD evidence.",high_interviewer_variance,auxiliary predictor,no_stable_signed_prior,bidirectional prosodic deviation; task/language/recording sensitive,Auxiliary only. Current high AUC plus high interviewer eta2 suggests confound risk.,do_not_make_signed_clinical_claim,include_auxiliary_only
S05,prosody_expressivity,voice_articulation_auxiliary,21,egemaps_loudness_sma3_pctlrange0-2,egemaps_loudness_sma3_pctlrange0-2,yes,223,acoustic,openSMILE/eGeMAPS acoustic feature extraction,响度/音量动态；分位范围：高低分位差，表示动态范围。,openSMILE eGeMAPS 对帧级低层描述符提取统计函数；具体统计含义见“统计含义”列。,反映说话强度、音量稳定性和动态范围；可能关联发声能量、韵律弱化和表达活力。；AD优先级：中 | 2026-07: duplicate eGeMAPS copy; not used as independent clinical evidence.,不建议直接套固定阈值；用同任务/同语言 CN 分布校准。,eGeMAPS/ComParE prosody studies; AD speech acoustic reviews,bidirectional_deviation,0.0,Auxiliary acoustic pattern: abnormal deviation from CN may be predictive but is not AD-specific.,0.0,|z|(无方向),exclude_duplicate_or_qc,184,0.5083397030830383,0.1223181635141373,0.6433004587888718,0.7345666766166687,0.8187934994697568,0.5188777566603993,23,0.5761423901371334,39,0.6119216520052689,AD_higher,0.5367391304347826,0.5542084726867336,0.2708413032087274,auxiliary_pattern,"Bidirectional auxiliary feature; use deviation from CN, not signed AD evidence.",high_interviewer_variance,auxiliary predictor,no_stable_signed_prior,bidirectional prosodic deviation; task/language/recording sensitive,Auxiliary only. Current high AUC plus high interviewer eta2 suggests confound risk.,do_not_make_signed_clinical_claim,include_auxiliary_only
S05,prosody_expressivity,voice_articulation_auxiliary,22,egemaps_loudness_sma3_meanRisingSlope,egemaps_loudness_sma3_meanRisingSlope,yes,223,acoustic,openSMILE/eGeMAPS acoustic feature extraction,响度/音量动态；平均上升斜率：该属性上升变化的速度。,openSMILE eGeMAPS 对帧级低层描述符提取统计函数；具体统计含义见“统计含义”列。,反映说话强度、音量稳定性和动态范围；可能关联发声能量、韵律弱化和表达活力。；AD优先级：中,不建议直接套固定阈值；用同任务/同语言 CN 分布校准。,eGeMAPS/ComParE prosody studies; AD speech acoustic reviews,bidirectional_deviation,0.0,Auxiliary acoustic pattern: abnormal deviation from CN may be predictive but is not AD-specific.,0.0,|z|(无方向),auxiliary,184,6.6999428272247314,1.392634630203247,7.885236144065857,9.098228836059574,10.158289074897764,6.603684092345445,23,8.711036101631496,39,8.875438323387733,AD_higher,0.6467391304347826,0.6888238573021181,0.3334967605717606,auxiliary_pattern,"Bidirectional auxiliary feature; use deviation from CN, not signed AD evidence.",high_interviewer_variance,auxiliary predictor,no_stable_signed_prior,bidirectional prosodic deviation; task/language/recording sensitive,Auxiliary only. Current high AUC plus high interviewer eta2 suggests confound risk.,do_not_make_signed_clinical_claim,include_auxiliary_only
S05,prosody_expressivity,voice_articulation_auxiliary,23,egemaps_loudness_sma3_stddevRisingSlope,egemaps_loudness_sma3_stddevRisingSlope,yes,223,acoustic,openSMILE/eGeMAPS acoustic feature extraction,响度/音量动态；上升斜率波动：上升变化速度是否稳定。,openSMILE eGeMAPS 对帧级低层描述符提取统计函数；具体统计含义见“统计含义”列。,反映说话强度、音量稳定性和动态范围；可能关联发声能量、韵律弱化和表达活力。；AD优先级：中,不建议直接套固定阈值；用同任务/同语言 CN 分布校准。,eGeMAPS/ComParE prosody studies; AD speech acoustic reviews,bidirectional_deviation,0.0,Auxiliary acoustic pattern: abnormal deviation from CN may be predictive but is not AD-specific.,0.0,|z|(无方向),auxiliary,184,4.858416557312012,0.8998001813888552,5.78936493396759,6.472990322113039,7.227634346485135,4.881503512677939,23,6.562378665675288,39,6.5262020367842455,AD_higher,0.7402173913043478,0.7295150501672241,0.3085016578489883,auxiliary_pattern,"Bidirectional auxiliary feature; use deviation from CN, not signed AD evidence.",high_interviewer_variance,auxiliary predictor,no_stable_signed_prior,bidirectional prosodic deviation; task/language/recording sensitive,Auxiliary only. Current high AUC plus high interviewer eta2 suggests confound risk.,do_not_make_signed_clinical_claim,include_auxiliary_only
S05,prosody_expressivity,voice_articulation_auxiliary,24,egemaps_loudness_sma3_meanFallingSlope,egemaps_loudness_sma3_meanFallingSlope,yes,223,acoustic,openSMILE/eGeMAPS acoustic feature extraction,响度/音量动态；平均下降斜率：该属性下降变化的速度。,openSMILE eGeMAPS 对帧级低层描述符提取统计函数；具体统计含义见“统计含义”列。,反映说话强度、音量稳定性和动态范围；可能关联发声能量、韵律弱化和表达活力。；AD优先级：中,不建议直接套固定阈值；用同任务/同语言 CN 分布校准。,eGeMAPS/ComParE prosody studies; AD speech acoustic reviews,bidirectional_deviation,0.0,Auxiliary acoustic pattern: abnormal deviation from CN may be predictive but is not AD-specific.,0.0,|z|(无方向),auxiliary,184,4.325977087020874,0.9077460765838624,5.193664073944092,6.0157492637634284,6.825687527656554,4.324265626461609,23,5.955412978711336,39,6.0396859768109445,AD_higher,0.7080434782608696,0.742056856187291,0.359469571481291,auxiliary_pattern,"Bidirectional auxiliary feature; use deviation from CN, not signed AD evidence.",high_interviewer_variance,auxiliary predictor,no_stable_signed_prior,bidirectional prosodic deviation; task/language/recording sensitive,Auxiliary only. Current high AUC plus high interviewer eta2 suggests confound risk.,do_not_make_signed_clinical_claim,include_auxiliary_only
S05,prosody_expressivity,voice_articulation_auxiliary,25,egemaps_loudness_sma3_stddevFallingSlope,egemaps_loudness_sma3_stddevFallingSlope,yes,223,acoustic,openSMILE/eGeMAPS acoustic feature extraction,响度/音量动态；下降斜率波动：下降变化速度是否稳定。,openSMILE eGeMAPS 对帧级低层描述符提取统计函数；具体统计含义见“统计含义”列。,反映说话强度、音量稳定性和动态范围；可能关联发声能量、韵律弱化和表达活力。；AD优先级：中,不建议直接套固定阈值；用同任务/同语言 CN 分布校准。,eGeMAPS/ComParE prosody studies; AD speech acoustic reviews,bidirectional_deviation,0.0,Auxiliary acoustic pattern: abnormal deviation from CN may be predictive but is not AD-specific.,0.0,|z|(无方向),auxiliary,184,3.424889922142029,0.636001467704773,4.07165265083313,4.628126239776612,5.3065418124198915,3.45591520420883,23,4.73885062466497,39,4.700687836378049,AD_higher,0.7652173913043478,0.7773132664437012,0.3298472680146845,auxiliary_pattern,"Bidirectional auxiliary feature; use deviation from CN, not signed AD evidence.",high_interviewer_variance,auxiliary predictor,no_stable_signed_prior,bidirectional prosodic deviation; task/language/recording sensitive,Auxiliary only. Current high AUC plus high interviewer eta2 suggests confound risk.,do_not_make_signed_clinical_claim,include_auxiliary_only
S05,prosody_expressivity,voice_articulation_auxiliary,26,egemaps_F1amplitudeLogRelF0_sma3nz_amean,egemaps_F1amplitudeLogRelF0_sma3nz_amean,yes,223,acoustic,openSMILE/eGeMAPS acoustic feature extraction,共振峰相对基频幅度；均值：该声音属性在整段患者语音中的平均水平。,openSMILE eGeMAPS 对帧级低层描述符提取统计函数；具体统计含义见“统计含义”列。,反映共振峰能量相对 F0 的强弱，可与发声方式、音色和音量相关。；AD优先级：高（当前 IAEAV 强差异）,不建议直接套固定阈值；用同任务/同语言 CN 分布校准。,eGeMAPS/ComParE prosody studies; AD speech acoustic reviews,bidirectional_deviation,0.0,Auxiliary acoustic pattern: abnormal deviation from CN may be predictive but is not AD-specific.,0.0,|z|(无方向),auxiliary,184,-135.44105529785156,15.031654357910156,-121.03387641906738,-111.83032073974609,-95.72037105560304,-135.8996008997378,23,-160.8013624108356,39,-159.2791990622496,AD_lower,0.7358695652173913,0.7229654403567447,0.2838501511617818,auxiliary_pattern,"Bidirectional auxiliary feature; use deviation from CN, not signed AD evidence.",high_interviewer_variance,auxiliary predictor,no_stable_signed_prior,bidirectional prosodic deviation; task/language/recording sensitive,Auxiliary only. Current high AUC plus high interviewer eta2 suggests confound risk.,do_not_make_signed_clinical_claim,include_auxiliary_only
S05,prosody_expressivity,voice_articulation_auxiliary,27,egemaps_F1amplitudeLogRelF0_sma3nz_stddevNorm,egemaps_F1amplitudeLogRelF0_sma3nz_stddevNorm,yes,223,acoustic,openSMILE/eGeMAPS acoustic feature extraction,共振峰相对基频幅度；标准差/归一化波动：该声音属性的稳定性或变异程度。,openSMILE eGeMAPS 对帧级低层描述符提取统计函数；具体统计含义见“统计含义”列。,反映共振峰能量相对 F0 的强弱，可与发声方式、音色和音量相关。；AD优先级：高（当前 IAEAV 强差异）,不建议直接套固定阈值；用同任务/同语言 CN 分布校准。,eGeMAPS/ComParE prosody studies; AD speech acoustic reviews,bidirectional_deviation,0.0,Auxiliary acoustic pattern: abnormal deviation from CN may be predictive but is not AD-specific.,0.0,|z|(无方向),auxiliary,184,-0.6557003557682037,0.1109115779399871,-0.5411924421787262,-0.4670664519071578,-0.3870984561741354,-0.6596662178635597,23,-0.4755823275317316,39,-0.4875044532311268,AD_higher,0.7054347826086956,0.6870122630992196,0.2776158321199609,auxiliary_pattern,"Bidirectional auxiliary feature; use deviation from CN, not signed AD evidence.",high_interviewer_variance,auxiliary predictor,no_stable_signed_prior,bidirectional prosodic deviation; task/language/recording sensitive,Auxiliary only. Current high AUC plus high interviewer eta2 suggests confound risk.,do_not_make_signed_clinical_claim,include_auxiliary_only
S05,prosody_expressivity,voice_articulation_auxiliary,28,egemaps_F2amplitudeLogRelF0_sma3nz_amean,egemaps_F2amplitudeLogRelF0_sma3nz_amean,yes,223,acoustic,openSMILE/eGeMAPS acoustic feature extraction,共振峰相对基频幅度；均值：该声音属性在整段患者语音中的平均水平。,openSMILE eGeMAPS 对帧级低层描述符提取统计函数；具体统计含义见“统计含义”列。,反映共振峰能量相对 F0 的强弱，可与发声方式、音色和音量相关。；AD优先级：高（当前 IAEAV 强差异）,不建议直接套固定阈值；用同任务/同语言 CN 分布校准。,eGeMAPS/ComParE prosody studies; AD speech acoustic reviews,bidirectional_deviation,0.0,Auxiliary acoustic pattern: abnormal deviation from CN may be predictive but is not AD-specific.,0.0,|z|(无方向),auxiliary,184,-134.5722198486328,15.399662017822273,-120.72521018981934,-110.7162872314453,-96.91876392364505,-134.94412857553235,23,-160.13145911175272,39,-158.25416095440204,AD_lower,0.7484782608695653,0.7437290969899666,0.3132648032292562,auxiliary_pattern,"Bidirectional auxiliary feature; use deviation from CN, not signed AD evidence.",high_interviewer_variance,auxiliary predictor,no_stable_signed_prior,bidirectional prosodic deviation; task/language/recording sensitive,Auxiliary only. Current high AUC plus high interviewer eta2 suggests confound risk.,do_not_make_signed_clinical_claim,include_auxiliary_only
S05,prosody_expressivity,voice_articulation_auxiliary,29,egemaps_F2amplitudeLogRelF0_sma3nz_stddevNorm,egemaps_F2amplitudeLogRelF0_sma3nz_stddevNorm,yes,223,acoustic,openSMILE/eGeMAPS acoustic feature extraction,共振峰相对基频幅度；标准差/归一化波动：该声音属性的稳定性或变异程度。,openSMILE eGeMAPS 对帧级低层描述符提取统计函数；具体统计含义见“统计含义”列。,反映共振峰能量相对 F0 的强弱，可与发声方式、音色和音量相关。；AD优先级：高（当前 IAEAV 强差异）,不建议直接套固定阈值；用同任务/同语言 CN 分布校准。,eGeMAPS/ComParE prosody studies; AD speech acoustic reviews,bidirectional_deviation,0.0,Auxiliary acoustic pattern: abnormal deviation from CN may be predictive but is not AD-specific.,0.0,|z|(无方向),auxiliary,184,-0.643189400434494,0.1033982336521148,-0.5265495330095291,-0.4613447844982144,-0.386024821549654,-0.6397870902134024,23,-0.4647959082022957,39,-0.4799235875789935,AD_higher,0.7382608695652174,0.7311872909698997,0.3071217998736047,auxiliary_pattern,"Bidirectional auxiliary feature; use deviation from CN, not signed AD evidence.",high_interviewer_variance,auxiliary predictor,no_stable_signed_prior,bidirectional prosodic deviation; task/language/recording sensitive,Auxiliary only. Current high AUC plus high interviewer eta2 suggests confound risk.,do_not_make_signed_clinical_claim,include_auxiliary_only
S05,prosody_expressivity,voice_articulation_auxiliary,30,egemaps_F3amplitudeLogRelF0_sma3nz_amean,egemaps_F3amplitudeLogRelF0_sma3nz_amean,yes,223,acoustic,openSMILE/eGeMAPS acoustic feature extraction,共振峰相对基频幅度；均值：该声音属性在整段患者语音中的平均水平。,openSMILE eGeMAPS 对帧级低层描述符提取统计函数；具体统计含义见“统计含义”列。,反映共振峰能量相对 F0 的强弱，可与发声方式、音色和音量相关。；AD优先级：高（当前 IAEAV 强差异）,不建议直接套固定阈值；用同任务/同语言 CN 分布校准。,eGeMAPS/ComParE prosody studies; AD speech acoustic reviews,bidirectional_deviation,0.0,Auxiliary acoustic pattern: abnormal deviation from CN may be predictive but is not AD-specific.,0.0,|z|(无方向),auxiliary,184,-135.7183380126953,15.174568176269538,-122.0827579498291,-112.29401473999022,-99.12203731536869,-136.17963243567425,23,-161.1004466181216,39,-159.23856373322317,AD_lower,0.7565217391304347,0.7513935340022296,0.3146523734117151,auxiliary_pattern,"Bidirectional auxiliary feature; use deviation from CN, not signed AD evidence.",high_interviewer_variance,auxiliary predictor,no_stable_signed_prior,bidirectional prosodic deviation; task/language/recording sensitive,Auxiliary only. Current high AUC plus high interviewer eta2 suggests confound risk.,do_not_make_signed_clinical_claim,include_auxiliary_only
S05,prosody_expressivity,voice_articulation_auxiliary,31,egemaps_F3amplitudeLogRelF0_sma3nz_stddevNorm,egemaps_F3amplitudeLogRelF0_sma3nz_stddevNorm,yes,223,acoustic,openSMILE/eGeMAPS acoustic feature extraction,共振峰相对基频幅度；标准差/归一化波动：该声音属性的稳定性或变异程度。,openSMILE eGeMAPS 对帧级低层描述符提取统计函数；具体统计含义见“统计含义”列。,反映共振峰能量相对 F0 的强弱，可与发声方式、音色和音量相关。；AD优先级：高（当前 IAEAV 强差异）,不建议直接套固定阈值；用同任务/同语言 CN 分布校准。,eGeMAPS/ComParE prosody studies; AD speech acoustic reviews,bidirectional_deviation,0.0,Auxiliary acoustic pattern: abnormal deviation from CN may be predictive but is not AD-specific.,0.0,|z|(无方向),auxiliary,184,-0.6269014179706573,0.0988545417785644,-0.5115379095077515,-0.4496145814657209,-0.3753920242190361,-0.6210917969760688,23,-0.4507067968016085,39,-0.465562567496911,AD_higher,0.7532608695652174,0.7447045707915273,0.3095612067193153,auxiliary_pattern,"Bidirectional auxiliary feature; use deviation from CN, not signed AD evidence.",high_interviewer_variance,auxiliary predictor,no_stable_signed_prior,bidirectional prosodic deviation; task/language/recording sensitive,Auxiliary only. Current high AUC plus high interviewer eta2 suggests confound risk.,do_not_make_signed_clinical_claim,include_auxiliary_only
S06,spectral_articulatory_pattern,voice_articulation_auxiliary,1,mfcc1-12_mean_sd,,no,0,acoustic,MFCC acoustic spectral extraction,MFCC 1-12 均值/标准差,每帧 MFCC 后对全段取 mean/sd,高维声学谱形表征，预测有用但临床解释弱。,不建议直接套固定阈值；用同任务/同语言 CN 分布校准。,ADReSS/ADReSSo; Martinc et al.; Rohanian et al.; MFCC/eGeMAPS/ComParE systems,bidirectional_deviation,0.0,Auxiliary acoustic pattern: abnormal deviation from CN may be predictive but is not AD-specific.,,,,0,,,,,,,0,,0,,not_tested,,,,not_tested,No current IAEAV column matched this spec metric.,not_extracted_or_unmatched,specified but not currently extracted,no_stable_signed_prior,multivariate/bidirectional acoustic pattern,Do not assign high/low clinical meaning. Use as auxiliary multivariate channel only after cross-dataset stability checks.,not_empirically_audited_yet,exclude_metric_not_available
S06,spectral_articulatory_pattern,voice_articulation_auxiliary,2,egemaps_mfcc1-4,,no,0,acoustic,openSMILE/eGeMAPS acoustic feature extraction,eGeMAPS MFCC 1-4,低阶 MFCC 统计函数,谱包络/发音模式辅助特征。,不建议直接套固定阈值；用同任务/同语言 CN 分布校准。,ADReSS/ADReSSo; Martinc et al.; Rohanian et al.; MFCC/eGeMAPS/ComParE systems,bidirectional_deviation,0.0,Auxiliary acoustic pattern: abnormal deviation from CN may be predictive but is not AD-specific.,,,,0,,,,,,,0,,0,,not_tested,,,,not_tested,No current IAEAV column matched this spec metric.,not_extracted_or_unmatched,specified but not currently extracted,no_stable_signed_prior,multivariate/bidirectional acoustic pattern,Do not assign high/low clinical meaning. Use as auxiliary multivariate channel only after cross-dataset stability checks.,not_empirically_audited_yet,exclude_metric_not_available
S06,spectral_articulatory_pattern,voice_articulation_auxiliary,3,F1/F2/F3frequency,,no,0,acoustic,openSMILE/eGeMAPS acoustic feature extraction,共振峰频率,估计元音共振峰频率统计,构音位置/元音空间相关，受 ASR/性别/录音影响。,不建议直接套固定阈值；用同任务/同语言 CN 分布校准。,ADReSS/ADReSSo; Martinc et al.; Rohanian et al.; MFCC/eGeMAPS/ComParE systems,bidirectional_deviation,0.0,Auxiliary acoustic pattern: abnormal deviation from CN may be predictive but is not AD-specific.,,,,0,,,,,,,0,,0,,not_tested,,,,not_tested,No current IAEAV column matched this spec metric.,not_extracted_or_unmatched,specified but not currently extracted,no_stable_signed_prior,multivariate/bidirectional acoustic pattern,Do not assign high/low clinical meaning. Use as auxiliary multivariate channel only after cross-dataset stability checks.,not_empirically_audited_yet,exclude_metric_not_available
S06,spectral_articulatory_pattern,voice_articulation_auxiliary,4,alphaRatio/HammarbergIndex,,no,0,acoustic,openSMILE/eGeMAPS acoustic feature extraction,谱倾斜/声质谱指标,高低频能量比和 Hammarberg index,声质和谱能量分布，非 AD 特异。,不建议直接套固定阈值；用同任务/同语言 CN 分布校准。,ADReSS/ADReSSo; Martinc et al.; Rohanian et al.; MFCC/eGeMAPS/ComParE systems,bidirectional_deviation,0.0,Auxiliary acoustic pattern: abnormal deviation from CN may be predictive but is not AD-specific.,,,,0,,,,,,,0,,0,,not_tested,,,,not_tested,No current IAEAV column matched this spec metric.,not_extracted_or_unmatched,specified but not currently extracted,no_stable_signed_prior,multivariate/bidirectional acoustic pattern,Do not assign high/low clinical meaning. Use as auxiliary multivariate channel only after cross-dataset stability checks.,not_empirically_audited_yet,exclude_metric_not_available
S06,spectral_articulatory_pattern,voice_articulation_auxiliary,5,ComParE features,,no,0,acoustic,openSMILE/eGeMAPS acoustic feature extraction,大规模声学函数集,大量低层描述符及函数统计,强预测基线，但不直接作为临床解释。,不建议直接套固定阈值；用同任务/同语言 CN 分布校准。,ADReSS/ADReSSo; Martinc et al.; Rohanian et al.; MFCC/eGeMAPS/ComParE systems,bidirectional_deviation,0.0,Auxiliary acoustic pattern: abnormal deviation from CN may be predictive but is not AD-specific.,,,,0,,,,,,,0,,0,,not_tested,,,,not_tested,No current IAEAV column matched this spec metric.,not_extracted_or_unmatched,specified but not currently extracted,no_stable_signed_prior,multivariate/bidirectional acoustic pattern,Do not assign high/low clinical meaning. Use as auxiliary multivariate channel only after cross-dataset stability checks.,not_empirically_audited_yet,exclude_metric_not_available
S06,spectral_articulatory_pattern,voice_articulation_auxiliary,6,mfcc1_mean,mfcc1_mean,yes,223,acoustic,MFCC acoustic spectral extraction,第 1 阶 MFCC 的均值,从音频短时帧提取 MFCC 1-12，再对整段取 mean 或 sd；具体阶数和统计量由特征名决定。,第 1 阶 MFCC 的均值；整体音色和声道粗略形状：受嘴巴张开程度、舌位、声道长度、声音闷/亮共同影响。中。适合解释 AD 患者“整体发音/音色模式改变”，但不能定位到单一认知机制。,不建议直接套固定阈值；用同任务/同语言 CN 分布校准。,ADReSS/ADReSSo; Martinc et al.; Rohanian et al.; MFCC/eGeMAPS/ComParE systems,bidirectional_deviation,0.0,Auxiliary acoustic pattern: abnormal deviation from CN may be predictive but is not AD-specific.,0.0,|z|(无方向),auxiliary,184,70.784176,4.491875,75.7277025,80.188513,83.9720732,71.03535510326087,23,84.30176004347827,39,84.0420932820513,AD_higher,0.8447826086956521,0.8658026755852842,0.4217783540649988,auxiliary_pattern,"Bidirectional auxiliary feature; use deviation from CN, not signed AD evidence.",high_interviewer_variance,auxiliary predictor,no_stable_signed_prior,multivariate/bidirectional acoustic pattern,Do not assign high/low clinical meaning. Use as auxiliary multivariate channel only after cross-dataset stability checks.,do_not_make_signed_clinical_claim,include_auxiliary_only
S06,spectral_articulatory_pattern,voice_articulation_auxiliary,7,mfcc1_sd,mfcc1_sd,yes,223,acoustic,MFCC acoustic spectral extraction,第 1 阶 MFCC 的标准差,从音频短时帧提取 MFCC 1-12，再对整段取 mean 或 sd；具体阶数和统计量由特征名决定。,第 1 阶 MFCC 的标准差；整体音色和声道粗略形状：受嘴巴张开程度、舌位、声道长度、声音闷/亮共同影响的波动程度。中。适合解释 AD 患者“整体发音/音色模式改变”，但不能定位到单一认知机制。,不建议直接套固定阈值；用同任务/同语言 CN 分布校准。,ADReSS/ADReSSo; Martinc et al.; Rohanian et al.; MFCC/eGeMAPS/ComParE systems,bidirectional_deviation,0.0,Auxiliary acoustic pattern: abnormal deviation from CN may be predictive but is not AD-specific.,0.0,|z|(无方向),auxiliary,184,32.079314,1.825811999999999,34.03205425,35.6746562,37.74029524999998,32.201161739130434,23,29.741157478260863,39,29.643078256410263,AD_lower,0.6465217391304348,0.6666666666666666,0.1971959513393521,auxiliary_pattern,"Bidirectional auxiliary feature; use deviation from CN, not signed AD evidence.",none_detected_in_this_audit,auxiliary predictor,no_stable_signed_prior,multivariate/bidirectional acoustic pattern,Do not assign high/low clinical meaning. Use as auxiliary multivariate channel only after cross-dataset stability checks.,do_not_make_signed_clinical_claim,include_auxiliary_only
S06,spectral_articulatory_pattern,voice_articulation_auxiliary,8,mfcc2_mean,mfcc2_mean,yes,223,acoustic,MFCC acoustic spectral extraction,第 2 阶 MFCC 的均值,从音频短时帧提取 MFCC 1-12，再对整段取 mean 或 sd；具体阶数和统计量由特征名决定。,第 2 阶 MFCC 的均值；低频到高频能量倾斜：可理解为声音偏厚/偏亮、口腔共鸣方式的一部分。中。可解释声音偏闷、偏亮、共鸣方式改变；需控制麦克风距离和噪声。,不建议直接套固定阈值；用同任务/同语言 CN 分布校准。,ADReSS/ADReSSo; Martinc et al.; Rohanian et al.; MFCC/eGeMAPS/ComParE systems,bidirectional_deviation,0.0,Auxiliary acoustic pattern: abnormal deviation from CN may be predictive but is not AD-specific.,0.0,|z|(无方向),auxiliary,184,8.5963755,4.484415200000001,12.34924025,16.765596200000008,21.46460899999999,7.88426467652174,23,8.074455173043479,39,6.8759307294871785,AD_higher,0.5771739130434783,0.5752508361204013,0.3034518440827763,auxiliary_pattern,"Bidirectional auxiliary feature; use deviation from CN, not signed AD evidence.",high_interviewer_variance,auxiliary predictor,no_stable_signed_prior,multivariate/bidirectional acoustic pattern,Do not assign high/low clinical meaning. Use as auxiliary multivariate channel only after cross-dataset stability checks.,do_not_make_signed_clinical_claim,include_auxiliary_only
S06,spectral_articulatory_pattern,voice_articulation_auxiliary,9,mfcc2_sd,mfcc2_sd,yes,223,acoustic,MFCC acoustic spectral extraction,第 2 阶 MFCC 的标准差,从音频短时帧提取 MFCC 1-12，再对整段取 mean 或 sd；具体阶数和统计量由特征名决定。,第 2 阶 MFCC 的标准差；低频到高频能量倾斜：可理解为声音偏厚/偏亮、口腔共鸣方式的一部分的波动程度。中。可解释声音偏闷、偏亮、共鸣方式改变；需控制麦克风距离和噪声。,不建议直接套固定阈值；用同任务/同语言 CN 分布校准。,ADReSS/ADReSSo; Martinc et al.; Rohanian et al.; MFCC/eGeMAPS/ComParE systems,bidirectional_deviation,0.0,Auxiliary acoustic pattern: abnormal deviation from CN may be predictive but is not AD-specific.,0.0,|z|(无方向),auxiliary,184,29.769796,2.448731000000002,32.17527925,34.0699859,35.700841999999994,29.68227920108696,23,29.121971347826097,39,29.359546538461544,AD_lower,0.4743478260869565,0.5178372352285395,0.3139779215017055,auxiliary_pattern,"Bidirectional auxiliary feature; use deviation from CN, not signed AD evidence.",high_interviewer_variance,auxiliary predictor,no_stable_signed_prior,multivariate/bidirectional acoustic pattern,Do not assign high/low clinical meaning. Use as auxiliary multivariate channel only after cross-dataset stability checks.,do_not_make_signed_clinical_claim,include_auxiliary_only
S06,spectral_articulatory_pattern,voice_articulation_auxiliary,10,mfcc3_mean,mfcc3_mean,yes,223,acoustic,MFCC acoustic spectral extraction,第 3 阶 MFCC 的均值,从音频短时帧提取 MFCC 1-12，再对整段取 mean 或 sd；具体阶数和统计量由特征名决定。,第 3 阶 MFCC 的均值；口腔/舌位造成的声道谱形变化：大致反映元音空间和音色差异。中。可解释元音空间、口腔开合和舌位变化范围的改变。,不建议直接套固定阈值；用同任务/同语言 CN 分布校准。,ADReSS/ADReSSo; Martinc et al.; Rohanian et al.; MFCC/eGeMAPS/ComParE systems,bidirectional_deviation,0.0,Auxiliary acoustic pattern: abnormal deviation from CN may be predictive but is not AD-specific.,0.0,|z|(无方向),auxiliary,184,5.70875225,3.55228725,9.25745925,12.674100300000005,15.868245849999983,5.513250207336957,23,9.48725691304348,39,9.784623205128206,AD_higher,0.5726086956521739,0.5781772575250836,0.2564417543727413,auxiliary_pattern,"Bidirectional auxiliary feature; use deviation from CN, not signed AD evidence.",high_interviewer_variance,auxiliary predictor,no_stable_signed_prior,multivariate/bidirectional acoustic pattern,Do not assign high/low clinical meaning. Use as auxiliary multivariate channel only after cross-dataset stability checks.,do_not_make_signed_clinical_claim,include_auxiliary_only
S06,spectral_articulatory_pattern,voice_articulation_auxiliary,11,mfcc3_sd,mfcc3_sd,yes,223,acoustic,MFCC acoustic spectral extraction,第 3 阶 MFCC 的标准差,从音频短时帧提取 MFCC 1-12，再对整段取 mean 或 sd；具体阶数和统计量由特征名决定。,第 3 阶 MFCC 的标准差；口腔/舌位造成的声道谱形变化：大致反映元音空间和音色差异的波动程度。中。可解释元音空间、口腔开合和舌位变化范围的改变。,不建议直接套固定阈值；用同任务/同语言 CN 分布校准。,ADReSS/ADReSSo; Martinc et al.; Rohanian et al.; MFCC/eGeMAPS/ComParE systems,bidirectional_deviation,0.0,Auxiliary acoustic pattern: abnormal deviation from CN may be predictive but is not AD-specific.,0.0,|z|(无方向),auxiliary,184,22.0389415,1.365609000000001,23.38231475,24.6221239,25.630868424999996,22.01302311956522,23,19.343523847826084,39,19.48950642307692,AD_lower,0.6256521739130435,0.6631828316610925,0.1947421675792124,auxiliary_pattern,"Bidirectional auxiliary feature; use deviation from CN, not signed AD evidence.",none_detected_in_this_audit,auxiliary predictor,no_stable_signed_prior,multivariate/bidirectional acoustic pattern,Do not assign high/low clinical meaning. Use as auxiliary multivariate channel only after cross-dataset stability checks.,do_not_make_signed_clinical_claim,include_auxiliary_only
S06,spectral_articulatory_pattern,voice_articulation_auxiliary,12,mfcc4_mean,mfcc4_mean,yes,223,acoustic,MFCC acoustic spectral extraction,第 4 阶 MFCC 的均值,从音频短时帧提取 MFCC 1-12，再对整段取 mean 或 sd；具体阶数和统计量由特征名决定。,第 4 阶 MFCC 的均值；更细的声道形状变化：和舌头、嘴唇位置变化及不同音素转换有关。中。可解释构音动态和音素转换是否丰富。,不建议直接套固定阈值；用同任务/同语言 CN 分布校准。,ADReSS/ADReSSo; Martinc et al.; Rohanian et al.; MFCC/eGeMAPS/ComParE systems,bidirectional_deviation,0.0,Auxiliary acoustic pattern: abnormal deviation from CN may be predictive but is not AD-specific.,0.0,|z|(无方向),auxiliary,184,-9.878765,5.1226062500000005,-5.1224633,-2.015183249999999,1.666519774999987,-10.405431867733697,23,-7.0764370043478255,39,-7.10511586897436,AD_higher,0.4404347826086957,0.4573578595317725,0.3262816306919783,auxiliary_pattern,"Bidirectional auxiliary feature; use deviation from CN, not signed AD evidence.",high_interviewer_variance,auxiliary predictor,no_stable_signed_prior,multivariate/bidirectional acoustic pattern,Do not assign high/low clinical meaning. Use as auxiliary multivariate channel only after cross-dataset stability checks.,do_not_make_signed_clinical_claim,include_auxiliary_only
S06,spectral_articulatory_pattern,voice_articulation_auxiliary,13,mfcc4_sd,mfcc4_sd,yes,223,acoustic,MFCC acoustic spectral extraction,第 4 阶 MFCC 的标准差,从音频短时帧提取 MFCC 1-12，再对整段取 mean 或 sd；具体阶数和统计量由特征名决定。,第 4 阶 MFCC 的标准差；更细的声道形状变化：和舌头、嘴唇位置变化及不同音素转换有关的波动程度。中。可解释构音动态和音素转换是否丰富。,不建议直接套固定阈值；用同任务/同语言 CN 分布校准。,ADReSS/ADReSSo; Martinc et al.; Rohanian et al.; MFCC/eGeMAPS/ComParE systems,bidirectional_deviation,0.0,Auxiliary acoustic pattern: abnormal deviation from CN may be predictive but is not AD-specific.,0.0,|z|(无方向),auxiliary,184,24.211915,1.7385129999999975,25.79814,27.7580635,30.547948975,24.00410135326087,23,21.964364130434785,39,22.07875161538461,AD_lower,0.5610869565217391,0.5504459308807135,0.2156832735659543,auxiliary_pattern,"Bidirectional auxiliary feature; use deviation from CN, not signed AD evidence.",high_interviewer_variance,auxiliary predictor,no_stable_signed_prior,multivariate/bidirectional acoustic pattern,Do not assign high/low clinical meaning. Use as auxiliary multivariate channel only after cross-dataset stability checks.,do_not_make_signed_clinical_claim,include_auxiliary_only
S06,spectral_articulatory_pattern,voice_articulation_auxiliary,14,mfcc5_mean,mfcc5_mean,yes,223,acoustic,MFCC acoustic spectral extraction,第 5 阶 MFCC 的均值,从音频短时帧提取 MFCC 1-12，再对整段取 mean 或 sd；具体阶数和统计量由特征名决定。,第 5 阶 MFCC 的均值；较细的发音方式差异：可能反映元音/辅音转换和音色细节。低到中。可解释发音细节变化，但跨设备稳定性有限。,不建议直接套固定阈值；用同任务/同语言 CN 分布校准。,ADReSS/ADReSSo; Martinc et al.; Rohanian et al.; MFCC/eGeMAPS/ComParE systems,bidirectional_deviation,0.0,Auxiliary acoustic pattern: abnormal deviation from CN may be predictive but is not AD-specific.,0.0,|z|(无方向),auxiliary,184,-5.05749105,2.5287810000000004,-2.652580725,-0.1826425759999999,3.487102775,-5.287172256695652,23,-1.0338101791304346,39,-0.8294481798974359,AD_higher,0.587391304347826,0.6138517279821628,0.1976292649812334,auxiliary_pattern,"Bidirectional auxiliary feature; use deviation from CN, not signed AD evidence.",none_detected_in_this_audit,auxiliary predictor,no_stable_signed_prior,multivariate/bidirectional acoustic pattern,Do not assign high/low clinical meaning. Use as auxiliary multivariate channel only after cross-dataset stability checks.,do_not_make_signed_clinical_claim,include_auxiliary_only
S06,spectral_articulatory_pattern,voice_articulation_auxiliary,15,mfcc5_sd,mfcc5_sd,yes,223,acoustic,MFCC acoustic spectral extraction,第 5 阶 MFCC 的标准差,从音频短时帧提取 MFCC 1-12，再对整段取 mean 或 sd；具体阶数和统计量由特征名决定。,第 5 阶 MFCC 的标准差；较细的发音方式差异：可能反映元音/辅音转换和音色细节的波动程度。低到中。可解释发音细节变化，但跨设备稳定性有限。,不建议直接套固定阈值；用同任务/同语言 CN 分布校准。,ADReSS/ADReSSo; Martinc et al.; Rohanian et al.; MFCC/eGeMAPS/ComParE systems,bidirectional_deviation,0.0,Auxiliary acoustic pattern: abnormal deviation from CN may be predictive but is not AD-specific.,0.0,|z|(无方向),auxiliary,184,17.1108535,1.4036725000000008,18.3509015,19.640853100000005,21.02349595,17.012413684782608,23,17.035068869565215,39,16.701364717948717,AD_higher,0.547608695652174,0.5773411371237458,0.0967873631579007,auxiliary_pattern,"Bidirectional auxiliary feature; use deviation from CN, not signed AD evidence.",none_detected_in_this_audit,auxiliary predictor,no_stable_signed_prior,multivariate/bidirectional acoustic pattern,Do not assign high/low clinical meaning. Use as auxiliary multivariate channel only after cross-dataset stability checks.,do_not_make_signed_clinical_claim,include_auxiliary_only
S06,spectral_articulatory_pattern,voice_articulation_auxiliary,16,mfcc6_mean,mfcc6_mean,yes,223,acoustic,MFCC acoustic spectral extraction,第 6 阶 MFCC 的均值,从音频短时帧提取 MFCC 1-12，再对整段取 mean 或 sd；具体阶数和统计量由特征名决定。,第 6 阶 MFCC 的均值；较细的发音方式差异：可能反映发音稳定性和语流中的音色变化。低到中。可解释构音变化幅度，IAEAV 中有差异但需跨库验证。,不建议直接套固定阈值；用同任务/同语言 CN 分布校准。,ADReSS/ADReSSo; Martinc et al.; Rohanian et al.; MFCC/eGeMAPS/ComParE systems,bidirectional_deviation,0.0,Auxiliary acoustic pattern: abnormal deviation from CN may be predictive but is not AD-specific.,0.0,|z|(无方向),auxiliary,184,-8.406288,1.88487625,-6.45740225,-5.01148815,-2.2056783500000043,-8.625998953804348,23,-2.456737129130435,39,-2.4720522545128207,AD_higher,0.7721739130434783,0.8010033444816054,0.3851553492504265,auxiliary_pattern,"Bidirectional auxiliary feature; use deviation from CN, not signed AD evidence.",high_interviewer_variance,auxiliary predictor,no_stable_signed_prior,multivariate/bidirectional acoustic pattern,Do not assign high/low clinical meaning. Use as auxiliary multivariate channel only after cross-dataset stability checks.,do_not_make_signed_clinical_claim,include_auxiliary_only
S06,spectral_articulatory_pattern,voice_articulation_auxiliary,17,mfcc6_sd,mfcc6_sd,yes,223,acoustic,MFCC acoustic spectral extraction,第 6 阶 MFCC 的标准差,从音频短时帧提取 MFCC 1-12，再对整段取 mean 或 sd；具体阶数和统计量由特征名决定。,第 6 阶 MFCC 的标准差；较细的发音方式差异：可能反映发音稳定性和语流中的音色变化的波动程度。低到中。可解释构音变化幅度，IAEAV 中有差异但需跨库验证。,不建议直接套固定阈值；用同任务/同语言 CN 分布校准。,ADReSS/ADReSSo; Martinc et al.; Rohanian et al.; MFCC/eGeMAPS/ComParE systems,bidirectional_deviation,0.0,Auxiliary acoustic pattern: abnormal deviation from CN may be predictive but is not AD-specific.,0.0,|z|(无方向),auxiliary,184,12.198297,0.7592015000000005,12.99249725,13.4486906,14.768992324999996,12.191241339673912,23,12.152023717391303,39,12.121791910256407,AD_lower,0.5204347826086957,0.5586677814938684,0.1066652226352488,auxiliary_pattern,"Bidirectional auxiliary feature; use deviation from CN, not signed AD evidence.",none_detected_in_this_audit,auxiliary predictor,no_stable_signed_prior,multivariate/bidirectional acoustic pattern,Do not assign high/low clinical meaning. Use as auxiliary multivariate channel only after cross-dataset stability checks.,do_not_make_signed_clinical_claim,include_auxiliary_only
S06,spectral_articulatory_pattern,voice_articulation_auxiliary,18,mfcc7_mean,mfcc7_mean,yes,223,acoustic,MFCC acoustic spectral extraction,第 7 阶 MFCC 的均值,从音频短时帧提取 MFCC 1-12，再对整段取 mean 或 sd；具体阶数和统计量由特征名决定。,第 7 阶 MFCC 的均值；中高阶音色纹理：更接近细碎频谱形状，不容易对应具体口腔动作。低到中。可作为发音纹理变化证据，但不适合作为主解释。,不建议直接套固定阈值；用同任务/同语言 CN 分布校准。,ADReSS/ADReSSo; Martinc et al.; Rohanian et al.; MFCC/eGeMAPS/ComParE systems,bidirectional_deviation,0.0,Auxiliary acoustic pattern: abnormal deviation from CN may be predictive but is not AD-specific.,0.0,|z|(无方向),auxiliary,184,-4.1131785,2.08679505,-1.74406715,0.030766469000002,1.4289038449999985,-3.7867660087771737,23,-1.330586470869565,39,-1.4948452751282053,AD_higher,0.6115217391304347,0.6375418060200669,0.2251589607342235,auxiliary_pattern,"Bidirectional auxiliary feature; use deviation from CN, not signed AD evidence.",high_interviewer_variance,auxiliary predictor,no_stable_signed_prior,multivariate/bidirectional acoustic pattern,Do not assign high/low clinical meaning. Use as auxiliary multivariate channel only after cross-dataset stability checks.,do_not_make_signed_clinical_claim,include_auxiliary_only
S06,spectral_articulatory_pattern,voice_articulation_auxiliary,19,mfcc7_sd,mfcc7_sd,yes,223,acoustic,MFCC acoustic spectral extraction,第 7 阶 MFCC 的标准差,从音频短时帧提取 MFCC 1-12，再对整段取 mean 或 sd；具体阶数和统计量由特征名决定。,第 7 阶 MFCC 的标准差；中高阶音色纹理：更接近细碎频谱形状，不容易对应具体口腔动作的波动程度。低到中。可作为发音纹理变化证据，但不适合作为主解释。,不建议直接套固定阈值；用同任务/同语言 CN 分布校准。,ADReSS/ADReSSo; Martinc et al.; Rohanian et al.; MFCC/eGeMAPS/ComParE systems,bidirectional_deviation,0.0,Auxiliary acoustic pattern: abnormal deviation from CN may be predictive but is not AD-specific.,0.0,|z|(无方向),auxiliary,184,11.3044335,0.7306759999999999,12.1296435,12.884283900000002,13.643948324999997,11.38883545652174,23,11.889239717391304,39,11.7855325,AD_higher,0.5152173913043478,0.5589464882943144,0.1735048953151312,auxiliary_pattern,"Bidirectional auxiliary feature; use deviation from CN, not signed AD evidence.",none_detected_in_this_audit,auxiliary predictor,no_stable_signed_prior,multivariate/bidirectional acoustic pattern,Do not assign high/low clinical meaning. Use as auxiliary multivariate channel only after cross-dataset stability checks.,do_not_make_signed_clinical_claim,include_auxiliary_only
S06,spectral_articulatory_pattern,voice_articulation_auxiliary,20,mfcc8_mean,mfcc8_mean,yes,223,acoustic,MFCC acoustic spectral extraction,第 8 阶 MFCC 的均值,从音频短时帧提取 MFCC 1-12，再对整段取 mean 或 sd；具体阶数和统计量由特征名决定。,第 8 阶 MFCC 的均值；中高阶音色纹理：受个体音色、噪声和麦克风影响较大。低到中。可辅助描述声音纹理变化。,不建议直接套固定阈值；用同任务/同语言 CN 分布校准。,ADReSS/ADReSSo; Martinc et al.; Rohanian et al.; MFCC/eGeMAPS/ComParE systems,bidirectional_deviation,0.0,Auxiliary acoustic pattern: abnormal deviation from CN may be predictive but is not AD-specific.,0.0,|z|(无方向),auxiliary,184,-1.561368,1.73467253,0.1880148099999999,1.2512683200000028,2.883621712499998,-1.6234825618532611,23,-1.8297750617391304,39,-1.790884991794872,AD_lower,0.5106521739130435,0.5135172798216276,0.0390837936348272,auxiliary_pattern,"Bidirectional auxiliary feature; use deviation from CN, not signed AD evidence.",none_detected_in_this_audit,auxiliary predictor,no_stable_signed_prior,multivariate/bidirectional acoustic pattern,Do not assign high/low clinical meaning. Use as auxiliary multivariate channel only after cross-dataset stability checks.,do_not_make_signed_clinical_claim,include_auxiliary_only
S06,spectral_articulatory_pattern,voice_articulation_auxiliary,21,mfcc8_sd,mfcc8_sd,yes,223,acoustic,MFCC acoustic spectral extraction,第 8 阶 MFCC 的标准差,从音频短时帧提取 MFCC 1-12，再对整段取 mean 或 sd；具体阶数和统计量由特征名决定。,第 8 阶 MFCC 的标准差；中高阶音色纹理：受个体音色、噪声和麦克风影响较大的波动程度。低到中。可辅助描述声音纹理变化。,不建议直接套固定阈值；用同任务/同语言 CN 分布校准。,ADReSS/ADReSSo; Martinc et al.; Rohanian et al.; MFCC/eGeMAPS/ComParE systems,bidirectional_deviation,0.0,Auxiliary acoustic pattern: abnormal deviation from CN may be predictive but is not AD-specific.,0.0,|z|(无方向),auxiliary,184,9.2426755,0.6579314999999992,9.8427635,10.42504075,11.488290724999992,9.284497482065218,23,9.736983804347828,39,9.613146525641026,AD_higher,0.5430434782608695,0.5469620958751393,0.1463972013030867,auxiliary_pattern,"Bidirectional auxiliary feature; use deviation from CN, not signed AD evidence.",none_detected_in_this_audit,auxiliary predictor,no_stable_signed_prior,multivariate/bidirectional acoustic pattern,Do not assign high/low clinical meaning. Use as auxiliary multivariate channel only after cross-dataset stability checks.,do_not_make_signed_clinical_claim,include_auxiliary_only
S06,spectral_articulatory_pattern,voice_articulation_auxiliary,22,mfcc9_mean,mfcc9_mean,yes,223,acoustic,MFCC acoustic spectral extraction,第 9 阶 MFCC 的均值,从音频短时帧提取 MFCC 1-12，再对整段取 mean 或 sd；具体阶数和统计量由特征名决定。,第 9 阶 MFCC 的均值；高阶频谱纹理：主要捕捉细碎音色/发音纹理。低到中。若组间差异强，可作为 AD 声音表现的辅助证据。,不建议直接套固定阈值；用同任务/同语言 CN 分布校准。,ADReSS/ADReSSo; Martinc et al.; Rohanian et al.; MFCC/eGeMAPS/ComParE systems,bidirectional_deviation,0.0,Auxiliary acoustic pattern: abnormal deviation from CN may be predictive but is not AD-specific.,0.0,|z|(无方向),auxiliary,184,1.845637,1.59186962,3.54707,4.8221651,6.624353349999996,1.9615005054673913,23,1.3723681717391305,39,1.3194394307692308,AD_lower,0.4008695652173913,0.4338071348940914,0.0203547465973107,auxiliary_pattern,"Bidirectional auxiliary feature; use deviation from CN, not signed AD evidence.",none_detected_in_this_audit,auxiliary predictor,no_stable_signed_prior,multivariate/bidirectional acoustic pattern,Do not assign high/low clinical meaning. Use as auxiliary multivariate channel only after cross-dataset stability checks.,do_not_make_signed_clinical_claim,include_auxiliary_only
S06,spectral_articulatory_pattern,voice_articulation_auxiliary,23,mfcc9_sd,mfcc9_sd,yes,223,acoustic,MFCC acoustic spectral extraction,第 9 阶 MFCC 的标准差,从音频短时帧提取 MFCC 1-12，再对整段取 mean 或 sd；具体阶数和统计量由特征名决定。,第 9 阶 MFCC 的标准差；高阶频谱纹理：主要捕捉细碎音色/发音纹理的波动程度。低到中。若组间差异强，可作为 AD 声音表现的辅助证据。,不建议直接套固定阈值；用同任务/同语言 CN 分布校准。,ADReSS/ADReSSo; Martinc et al.; Rohanian et al.; MFCC/eGeMAPS/ComParE systems,bidirectional_deviation,0.0,Auxiliary acoustic pattern: abnormal deviation from CN may be predictive but is not AD-specific.,0.0,|z|(无方向),auxiliary,184,8.711711,0.5667424999999993,9.224621875,9.895919400000002,10.530588749999998,8.728958974456521,23,8.786252882608695,39,8.894160079487179,AD_higher,0.5265217391304348,0.5795707915273133,0.1080922735547957,auxiliary_pattern,"Bidirectional auxiliary feature; use deviation from CN, not signed AD evidence.",none_detected_in_this_audit,auxiliary predictor,no_stable_signed_prior,multivariate/bidirectional acoustic pattern,Do not assign high/low clinical meaning. Use as auxiliary multivariate channel only after cross-dataset stability checks.,do_not_make_signed_clinical_claim,include_auxiliary_only
S06,spectral_articulatory_pattern,voice_articulation_auxiliary,24,mfcc10_mean,mfcc10_mean,yes,223,acoustic,MFCC acoustic spectral extraction,第 10 阶 MFCC 的均值,从音频短时帧提取 MFCC 1-12，再对整段取 mean 或 sd；具体阶数和统计量由特征名决定。,第 10 阶 MFCC 的均值；高阶频谱纹理：可能捕捉细碎音色差异和构音稳定性变化。低到中。IAEAV 中有差异，可解释为声音纹理偏移，但需谨慎。,不建议直接套固定阈值；用同任务/同语言 CN 分布校准。,ADReSS/ADReSSo; Martinc et al.; Rohanian et al.; MFCC/eGeMAPS/ComParE systems,bidirectional_deviation,0.0,Auxiliary acoustic pattern: abnormal deviation from CN may be predictive but is not AD-specific.,0.0,|z|(无方向),auxiliary,184,-5.365121,1.3063606500000002,-4.23974415,-2.797826479999998,-0.5365847075000006,-5.439775403423914,23,-1.3225789895652174,39,-0.8652782956410255,AD_higher,0.8058695652173913,0.8740245261984393,0.4251293168075842,auxiliary_pattern,"Bidirectional auxiliary feature; use deviation from CN, not signed AD evidence.",high_interviewer_variance,auxiliary predictor,no_stable_signed_prior,multivariate/bidirectional acoustic pattern,Do not assign high/low clinical meaning. Use as auxiliary multivariate channel only after cross-dataset stability checks.,do_not_make_signed_clinical_claim,include_auxiliary_only
S06,spectral_articulatory_pattern,voice_articulation_auxiliary,25,mfcc10_sd,mfcc10_sd,yes,223,acoustic,MFCC acoustic spectral extraction,第 10 阶 MFCC 的标准差,从音频短时帧提取 MFCC 1-12，再对整段取 mean 或 sd；具体阶数和统计量由特征名决定。,第 10 阶 MFCC 的标准差；高阶频谱纹理：可能捕捉细碎音色差异和构音稳定性变化的波动程度。低到中。IAEAV 中有差异，可解释为声音纹理偏移，但需谨慎。,不建议直接套固定阈值；用同任务/同语言 CN 分布校准。,ADReSS/ADReSSo; Martinc et al.; Rohanian et al.; MFCC/eGeMAPS/ComParE systems,bidirectional_deviation,0.0,Auxiliary acoustic pattern: abnormal deviation from CN may be predictive but is not AD-specific.,0.0,|z|(无方向),auxiliary,184,8.31950425,0.4937315999999998,8.91708775,9.42553855,10.259733499999998,8.40520033423913,23,8.152835,39,8.167591810256411,AD_lower,0.5254347826086957,0.5813823857302118,0.1337899737297654,auxiliary_pattern,"Bidirectional auxiliary feature; use deviation from CN, not signed AD evidence.",none_detected_in_this_audit,auxiliary predictor,no_stable_signed_prior,multivariate/bidirectional acoustic pattern,Do not assign high/low clinical meaning. Use as auxiliary multivariate channel only after cross-dataset stability checks.,do_not_make_signed_clinical_claim,include_auxiliary_only
S06,spectral_articulatory_pattern,voice_articulation_auxiliary,26,mfcc11_mean,mfcc11_mean,yes,223,acoustic,MFCC acoustic spectral extraction,第 11 阶 MFCC 的均值,从音频短时帧提取 MFCC 1-12，再对整段取 mean 或 sd；具体阶数和统计量由特征名决定。,第 11 阶 MFCC 的均值；高阶频谱纹理：更多是模型补充特征。低。用于模型，不作为主要临床解释。,不建议直接套固定阈值；用同任务/同语言 CN 分布校准。,ADReSS/ADReSSo; Martinc et al.; Rohanian et al.; MFCC/eGeMAPS/ComParE systems,bidirectional_deviation,0.0,Auxiliary acoustic pattern: abnormal deviation from CN may be predictive but is not AD-specific.,0.0,|z|(无方向),auxiliary,184,-1.89287585,1.46898366,-0.4357127025,0.8321991620000007,2.2104726949999973,-1.883696439418478,23,0.472072566521739,39,0.5586339036923076,AD_higher,0.6278260869565218,0.6829710144927537,0.2707208373886068,auxiliary_pattern,"Bidirectional auxiliary feature; use deviation from CN, not signed AD evidence.",high_interviewer_variance,auxiliary predictor,no_stable_signed_prior,multivariate/bidirectional acoustic pattern,Do not assign high/low clinical meaning. Use as auxiliary multivariate channel only after cross-dataset stability checks.,do_not_make_signed_clinical_claim,include_auxiliary_only
S06,spectral_articulatory_pattern,voice_articulation_auxiliary,27,mfcc11_sd,mfcc11_sd,yes,223,acoustic,MFCC acoustic spectral extraction,第 11 阶 MFCC 的标准差,从音频短时帧提取 MFCC 1-12，再对整段取 mean 或 sd；具体阶数和统计量由特征名决定。,第 11 阶 MFCC 的标准差；高阶频谱纹理：更多是模型补充特征的波动程度。低。用于模型，不作为主要临床解释。,不建议直接套固定阈值；用同任务/同语言 CN 分布校准。,ADReSS/ADReSSo; Martinc et al.; Rohanian et al.; MFCC/eGeMAPS/ComParE systems,bidirectional_deviation,0.0,Auxiliary acoustic pattern: abnormal deviation from CN may be predictive but is not AD-specific.,0.0,|z|(无方向),auxiliary,184,8.339117,0.70189235,9.1033645,9.8466666,10.5254539,8.43280249347826,23,7.892706186956522,39,7.99038455897436,AD_lower,0.4206521739130435,0.4319955406911929,0.2489331787560338,auxiliary_pattern,"Bidirectional auxiliary feature; use deviation from CN, not signed AD evidence.",high_interviewer_variance,auxiliary predictor,no_stable_signed_prior,multivariate/bidirectional acoustic pattern,Do not assign high/low clinical meaning. Use as auxiliary multivariate channel only after cross-dataset stability checks.,do_not_make_signed_clinical_claim,include_auxiliary_only
S06,spectral_articulatory_pattern,voice_articulation_auxiliary,28,mfcc12_mean,mfcc12_mean,yes,223,acoustic,MFCC acoustic spectral extraction,第 12 阶 MFCC 的均值,从音频短时帧提取 MFCC 1-12，再对整段取 mean 或 sd；具体阶数和统计量由特征名决定。,第 12 阶 MFCC 的均值；高阶频谱纹理：受噪声、录音条件和个体音色影响较大。低。用于模型，不作为主要临床解释。,不建议直接套固定阈值；用同任务/同语言 CN 分布校准。,ADReSS/ADReSSo; Martinc et al.; Rohanian et al.; MFCC/eGeMAPS/ComParE systems,bidirectional_deviation,0.0,Auxiliary acoustic pattern: abnormal deviation from CN may be predictive but is not AD-specific.,0.0,|z|(无方向),auxiliary,184,-3.2143525,1.05706665,-2.0531917,-0.9263118339999992,0.3642344174999936,-3.1509441994565215,23,-2.724832495652174,39,-2.596960665128206,AD_higher,0.5473913043478261,0.5450111482720178,0.0444662414913252,auxiliary_pattern,"Bidirectional auxiliary feature; use deviation from CN, not signed AD evidence.",none_detected_in_this_audit,auxiliary predictor,no_stable_signed_prior,multivariate/bidirectional acoustic pattern,Do not assign high/low clinical meaning. Use as auxiliary multivariate channel only after cross-dataset stability checks.,do_not_make_signed_clinical_claim,include_auxiliary_only
S06,spectral_articulatory_pattern,voice_articulation_auxiliary,29,mfcc12_sd,mfcc12_sd,yes,223,acoustic,MFCC acoustic spectral extraction,第 12 阶 MFCC 的标准差,从音频短时帧提取 MFCC 1-12，再对整段取 mean 或 sd；具体阶数和统计量由特征名决定。,第 12 阶 MFCC 的标准差；高阶频谱纹理：受噪声、录音条件和个体音色影响较大的波动程度。低。用于模型，不作为主要临床解释。,不建议直接套固定阈值；用同任务/同语言 CN 分布校准。,ADReSS/ADReSSo; Martinc et al.; Rohanian et al.; MFCC/eGeMAPS/ComParE systems,bidirectional_deviation,0.0,Auxiliary acoustic pattern: abnormal deviation from CN may be predictive but is not AD-specific.,0.0,|z|(无方向),auxiliary,184,7.61956355,0.4252636999999994,8.05194575,8.548672600000002,8.980486824999998,7.624927488586957,23,7.335235717391304,39,7.376647028205129,AD_lower,0.4228260869565217,0.511984392419175,0.1585595230955808,auxiliary_pattern,"Bidirectional auxiliary feature; use deviation from CN, not signed AD evidence.",none_detected_in_this_audit,auxiliary predictor,no_stable_signed_prior,multivariate/bidirectional acoustic pattern,Do not assign high/low clinical meaning. Use as auxiliary multivariate channel only after cross-dataset stability checks.,do_not_make_signed_clinical_claim,include_auxiliary_only
S06,spectral_articulatory_pattern,voice_articulation_auxiliary,30,egemaps_spectralFlux_sma3_amean,egemaps_spectralFlux_sma3_amean,yes,223,acoustic,openSMILE/eGeMAPS acoustic feature extraction,频谱变化速度；均值：该声音属性在整段患者语音中的平均水平。,openSMILE eGeMAPS 对帧级低层描述符提取统计函数；具体统计含义见“统计含义”列。,反映相邻帧频谱变化程度；可捕捉发音转换、声音稳定性和语流动态。；AD优先级：中,不建议直接套固定阈值；用同任务/同语言 CN 分布校准。,ADReSS/ADReSSo; Martinc et al.; Rohanian et al.; MFCC/eGeMAPS/ComParE systems,bidirectional_deviation,0.0,Auxiliary acoustic pattern: abnormal deviation from CN may be predictive but is not AD-specific.,0.0,|z|(无方向),auxiliary,184,0.179676167666912,0.0561913736164569,0.2382588535547256,0.3002684593200684,0.3846076361835002,0.1908470623235663,23,0.2127893110332281,39,0.219955044106031,AD_higher,0.4456521739130434,0.4586120401337792,0.2331818011722825,auxiliary_pattern,"Bidirectional auxiliary feature; use deviation from CN, not signed AD evidence.",high_interviewer_variance,auxiliary predictor,no_stable_signed_prior,multivariate/bidirectional acoustic pattern,Do not assign high/low clinical meaning. Use as auxiliary multivariate channel only after cross-dataset stability checks.,do_not_make_signed_clinical_claim,include_auxiliary_only
S06,spectral_articulatory_pattern,voice_articulation_auxiliary,31,egemaps_spectralFlux_sma3_stddevNorm,egemaps_spectralFlux_sma3_stddevNorm,yes,223,acoustic,openSMILE/eGeMAPS acoustic feature extraction,频谱变化速度；标准差/归一化波动：该声音属性的稳定性或变异程度。,openSMILE eGeMAPS 对帧级低层描述符提取统计函数；具体统计含义见“统计含义”列。,反映相邻帧频谱变化程度；可捕捉发音转换、声音稳定性和语流动态。；AD优先级：高（当前 IAEAV 强差异）,不建议直接套固定阈值；用同任务/同语言 CN 分布校准。,ADReSS/ADReSSo; Martinc et al.; Rohanian et al.; MFCC/eGeMAPS/ComParE systems,bidirectional_deviation,0.0,Auxiliary acoustic pattern: abnormal deviation from CN may be predictive but is not AD-specific.,0.0,|z|(无方向),auxiliary,184,0.955260008573532,0.0618528723716735,1.0171473622322085,1.1014202237129211,1.2200239807367323,0.9657772513835328,23,1.242065484109132,39,1.2217589020729065,AD_higher,0.8802173913043478,0.8963210702341137,0.5276340849204338,auxiliary_pattern,"Bidirectional auxiliary feature; use deviation from CN, not signed AD evidence.",high_interviewer_variance,auxiliary predictor,no_stable_signed_prior,multivariate/bidirectional acoustic pattern,Do not assign high/low clinical meaning. Use as auxiliary multivariate channel only after cross-dataset stability checks.,do_not_make_signed_clinical_claim,include_auxiliary_only
S06,spectral_articulatory_pattern,voice_articulation_auxiliary,32,egemaps_mfcc1_sma3_amean,egemaps_mfcc1_sma3_amean,yes,223,acoustic,openSMILE/eGeMAPS acoustic feature extraction,频谱包络/MFCC；均值：该声音属性在整段患者语音中的平均水平。,openSMILE eGeMAPS 对帧级低层描述符提取统计函数；具体统计含义见“统计含义”列。,反映音色和声道谱形变化；解释性弱于 pause、voicing、loudness 和 F0。；AD优先级：低到中,不建议直接套固定阈值；用同任务/同语言 CN 分布校准。,ADReSS/ADReSSo; Martinc et al.; Rohanian et al.; MFCC/eGeMAPS/ComParE systems,bidirectional_deviation,0.0,Auxiliary acoustic pattern: abnormal deviation from CN may be predictive but is not AD-specific.,0.0,|z|(无方向),auxiliary,184,13.94834327697754,1.2994656562805176,15.397083282470703,16.274151611328126,17.08225288391113,14.006429013998613,23,16.687891628431238,39,16.64034518217429,AD_higher,0.7682608695652174,0.7859531772575251,0.3220558547255527,auxiliary_pattern,"Bidirectional auxiliary feature; use deviation from CN, not signed AD evidence.",high_interviewer_variance,auxiliary predictor,no_stable_signed_prior,multivariate/bidirectional acoustic pattern,Do not assign high/low clinical meaning. Use as auxiliary multivariate channel only after cross-dataset stability checks.,do_not_make_signed_clinical_claim,include_auxiliary_only
S06,spectral_articulatory_pattern,voice_articulation_auxiliary,33,egemaps_mfcc1_sma3_stddevNorm,egemaps_mfcc1_sma3_stddevNorm,yes,223,acoustic,openSMILE/eGeMAPS acoustic feature extraction,频谱包络/MFCC；标准差/归一化波动：该声音属性的稳定性或变异程度。,openSMILE eGeMAPS 对帧级低层描述符提取统计函数；具体统计含义见“统计含义”列。,反映音色和声道谱形变化；解释性弱于 pause、voicing、loudness 和 F0。；AD优先级：低到中,不建议直接套固定阈值；用同任务/同语言 CN 分布校准。,ADReSS/ADReSSo; Martinc et al.; Rohanian et al.; MFCC/eGeMAPS/ComParE systems,bidirectional_deviation,0.0,Auxiliary acoustic pattern: abnormal deviation from CN may be predictive but is not AD-specific.,0.0,|z|(无方向),auxiliary,184,0.6610606014728546,0.0771228969097137,0.7424738109111786,0.8466220736503601,0.97015179991722,0.6818387231425099,23,0.5398098126701687,39,0.5370546785684732,AD_lower,0.6945652173913044,0.6810200668896321,0.2594753850159874,auxiliary_pattern,"Bidirectional auxiliary feature; use deviation from CN, not signed AD evidence.",high_interviewer_variance,auxiliary predictor,no_stable_signed_prior,multivariate/bidirectional acoustic pattern,Do not assign high/low clinical meaning. Use as auxiliary multivariate channel only after cross-dataset stability checks.,do_not_make_signed_clinical_claim,include_auxiliary_only
S06,spectral_articulatory_pattern,voice_articulation_auxiliary,34,egemaps_mfcc2_sma3_amean,egemaps_mfcc2_sma3_amean,yes,223,acoustic,openSMILE/eGeMAPS acoustic feature extraction,频谱包络/MFCC；均值：该声音属性在整段患者语音中的平均水平。,openSMILE eGeMAPS 对帧级低层描述符提取统计函数；具体统计含义见“统计含义”列。,反映音色和声道谱形变化；解释性弱于 pause、voicing、loudness 和 F0。；AD优先级：低到中,不建议直接套固定阈值；用同任务/同语言 CN 分布校准。,ADReSS/ADReSSo; Martinc et al.; Rohanian et al.; MFCC/eGeMAPS/ComParE systems,bidirectional_deviation,0.0,Auxiliary acoustic pattern: abnormal deviation from CN may be predictive but is not AD-specific.,0.0,|z|(无方向),auxiliary,184,6.877121210098267,2.1536169052124023,8.577598571777344,10.402610206604006,12.35269148349762,6.477070426720235,23,6.02028398928435,39,5.4270195575096665,AD_lower,0.5628260869565217,0.5695373467112598,0.3307128707230273,auxiliary_pattern,"Bidirectional auxiliary feature; use deviation from CN, not signed AD evidence.",high_interviewer_variance,auxiliary predictor,no_stable_signed_prior,multivariate/bidirectional acoustic pattern,Do not assign high/low clinical meaning. Use as auxiliary multivariate channel only after cross-dataset stability checks.,do_not_make_signed_clinical_claim,include_auxiliary_only
S06,spectral_articulatory_pattern,voice_articulation_auxiliary,35,egemaps_mfcc2_sma3_stddevNorm,egemaps_mfcc2_sma3_stddevNorm,yes,223,acoustic,openSMILE/eGeMAPS acoustic feature extraction,频谱包络/MFCC；标准差/归一化波动：该声音属性的稳定性或变异程度。,openSMILE eGeMAPS 对帧级低层描述符提取统计函数；具体统计含义见“统计含义”列。,反映音色和声道谱形变化；解释性弱于 pause、voicing、loudness 和 F0。；AD优先级：低到中,不建议直接套固定阈值；用同任务/同语言 CN 分布校准。,ADReSS/ADReSSo; Martinc et al.; Rohanian et al.; MFCC/eGeMAPS/ComParE systems,bidirectional_deviation,0.0,Auxiliary acoustic pattern: abnormal deviation from CN may be predictive but is not AD-specific.,0.0,|z|(无方向),auxiliary,184,1.75155109167099,0.6230093836784363,2.6462098956108093,4.96423707008362,11.876100564002988,-0.2218514314812162,23,3.37517233516859,39,4.727214269148997,AD_higher,0.5684782608695652,0.6079292084726867,0.0056915328965004,auxiliary_pattern,"Bidirectional auxiliary feature; use deviation from CN, not signed AD evidence.",none_detected_in_this_audit,auxiliary predictor,no_stable_signed_prior,multivariate/bidirectional acoustic pattern,Do not assign high/low clinical meaning. Use as auxiliary multivariate channel only after cross-dataset stability checks.,do_not_make_signed_clinical_claim,include_auxiliary_only
S06,spectral_articulatory_pattern,voice_articulation_auxiliary,36,egemaps_mfcc3_sma3_amean,egemaps_mfcc3_sma3_amean,yes,223,acoustic,openSMILE/eGeMAPS acoustic feature extraction,频谱包络/MFCC；均值：该声音属性在整段患者语音中的平均水平。,openSMILE eGeMAPS 对帧级低层描述符提取统计函数；具体统计含义见“统计含义”列。,反映音色和声道谱形变化；解释性弱于 pause、voicing、loudness 和 F0。；AD优先级：低到中,不建议直接套固定阈值；用同任务/同语言 CN 分布校准。,ADReSS/ADReSSo; Martinc et al.; Rohanian et al.; MFCC/eGeMAPS/ComParE systems,bidirectional_deviation,0.0,Auxiliary acoustic pattern: abnormal deviation from CN may be predictive but is not AD-specific.,0.0,|z|(无方向),auxiliary,184,1.5819483399391174,2.018272206187248,3.7483086585998535,5.4588201522827156,7.520677888393395,1.7466304287435892,23,3.6252312375151594,39,3.6710409751305217,AD_higher,0.5567391304347826,0.5762263099219621,0.2526209683144377,auxiliary_pattern,"Bidirectional auxiliary feature; use deviation from CN, not signed AD evidence.",high_interviewer_variance,auxiliary predictor,no_stable_signed_prior,multivariate/bidirectional acoustic pattern,Do not assign high/low clinical meaning. Use as auxiliary multivariate channel only after cross-dataset stability checks.,do_not_make_signed_clinical_claim,include_auxiliary_only
S06,spectral_articulatory_pattern,voice_articulation_auxiliary,37,egemaps_mfcc3_sma3_stddevNorm,egemaps_mfcc3_sma3_stddevNorm,yes,223,acoustic,openSMILE/eGeMAPS acoustic feature extraction,频谱包络/MFCC；标准差/归一化波动：该声音属性的稳定性或变异程度。,openSMILE eGeMAPS 对帧级低层描述符提取统计函数；具体统计含义见“统计含义”列。,反映音色和声道谱形变化；解释性弱于 pause、voicing、loudness 和 F0。；AD优先级：低到中,不建议直接套固定阈值；用同任务/同语言 CN 分布校准。,ADReSS/ADReSSo; Martinc et al.; Rohanian et al.; MFCC/eGeMAPS/ComParE systems,bidirectional_deviation,0.0,Auxiliary acoustic pattern: abnormal deviation from CN may be predictive but is not AD-specific.,0.0,|z|(无方向),auxiliary,184,3.101221203804016,4.422911047935486,6.473225474357605,12.450101470947274,39.96083440780633,-0.2714294078557387,23,0.2182732509530109,39,0.4469988926863059,AD_higher,0.4465217391304348,0.3989687848383501,0.0444829101143124,auxiliary_pattern,"Bidirectional auxiliary feature; use deviation from CN, not signed AD evidence.",none_detected_in_this_audit,auxiliary predictor,no_stable_signed_prior,multivariate/bidirectional acoustic pattern,Do not assign high/low clinical meaning. Use as auxiliary multivariate channel only after cross-dataset stability checks.,do_not_make_signed_clinical_claim,include_auxiliary_only
S06,spectral_articulatory_pattern,voice_articulation_auxiliary,38,egemaps_mfcc4_sma3_amean,egemaps_mfcc4_sma3_amean,yes,223,acoustic,openSMILE/eGeMAPS acoustic feature extraction,频谱包络/MFCC；均值：该声音属性在整段患者语音中的平均水平。,openSMILE eGeMAPS 对帧级低层描述符提取统计函数；具体统计含义见“统计含义”列。,反映音色和声道谱形变化；解释性弱于 pause、voicing、loudness 和 F0。；AD优先级：低到中,不建议直接套固定阈值；用同任务/同语言 CN 分布校准。,ADReSS/ADReSSo; Martinc et al.; Rohanian et al.; MFCC/eGeMAPS/ComParE systems,bidirectional_deviation,0.0,Auxiliary acoustic pattern: abnormal deviation from CN may be predictive but is not AD-specific.,0.0,|z|(无方向),auxiliary,184,-5.074220418930054,3.295217275619507,-1.860476791858673,0.0232726812362671,2.2576236665248848,-5.430016303920875,23,-3.244989792289941,39,-3.398181766653672,AD_higher,0.4493478260869565,0.447603121516165,0.3482482507050126,auxiliary_pattern,"Bidirectional auxiliary feature; use deviation from CN, not signed AD evidence.",high_interviewer_variance,auxiliary predictor,no_stable_signed_prior,multivariate/bidirectional acoustic pattern,Do not assign high/low clinical meaning. Use as auxiliary multivariate channel only after cross-dataset stability checks.,do_not_make_signed_clinical_claim,include_auxiliary_only
S06,spectral_articulatory_pattern,voice_articulation_auxiliary,39,egemaps_mfcc4_sma3_stddevNorm,egemaps_mfcc4_sma3_stddevNorm,yes,223,acoustic,openSMILE/eGeMAPS acoustic feature extraction,频谱包络/MFCC；标准差/归一化波动：该声音属性的稳定性或变异程度。,openSMILE eGeMAPS 对帧级低层描述符提取统计函数；具体统计含义见“统计含义”列。,反映音色和声道谱形变化；解释性弱于 pause、voicing、loudness 和 F0。；AD优先级：低到中,不建议直接套固定阈值；用同任务/同语言 CN 分布校准。,ADReSS/ADReSSo; Martinc et al.; Rohanian et al.; MFCC/eGeMAPS/ComParE systems,bidirectional_deviation,0.0,Auxiliary acoustic pattern: abnormal deviation from CN may be predictive but is not AD-specific.,0.0,|z|(无方向),auxiliary,184,-2.334332823753357,1.0376797914505005,-1.5411707758903503,3.7026536226272775,24.469019269943217,2.2781379109491473,23,-4.944265697313392,39,-4.632653523714114,AD_lower,0.5832608695652174,0.5500278706800446,0.0758081701598445,auxiliary_pattern,"Bidirectional auxiliary feature; use deviation from CN, not signed AD evidence.",none_detected_in_this_audit,auxiliary predictor,no_stable_signed_prior,multivariate/bidirectional acoustic pattern,Do not assign high/low clinical meaning. Use as auxiliary multivariate channel only after cross-dataset stability checks.,do_not_make_signed_clinical_claim,include_auxiliary_only
S06,spectral_articulatory_pattern,voice_articulation_auxiliary,40,egemaps_logRelF0-H1-H2_sma3nz_amean,egemaps_logRelF0-H1-H2_sma3nz_amean,yes,223,acoustic,openSMILE/eGeMAPS acoustic feature extraction,声源谱倾斜/谐波结构；均值：该声音属性在整段患者语音中的平均水平。,openSMILE eGeMAPS 对帧级低层描述符提取统计函数；具体统计含义见“统计含义”列。,反映 H1-H2、H1-A3 等谐波关系，和声门闭合、气声、发声方式有关。；AD优先级：高（当前 IAEAV 强差异）,不建议直接套固定阈值；用同任务/同语言 CN 分布校准。,ADReSS/ADReSSo; Martinc et al.; Rohanian et al.; MFCC/eGeMAPS/ComParE systems,bidirectional_deviation,0.0,Auxiliary acoustic pattern: abnormal deviation from CN may be predictive but is not AD-specific.,0.0,|z|(无方向),auxiliary,184,0.1795142665505409,1.2905073165893557,1.482183814048767,3.524053335189826,5.657588601112362,0.443389139869554,23,-1.9896593482598015,39,-1.8507909767138653,AD_lower,0.6606521739130434,0.637123745819398,0.1646678071015519,auxiliary_pattern,"Bidirectional auxiliary feature; use deviation from CN, not signed AD evidence.",none_detected_in_this_audit,auxiliary predictor,no_stable_signed_prior,multivariate/bidirectional acoustic pattern,Do not assign high/low clinical meaning. Use as auxiliary multivariate channel only after cross-dataset stability checks.,do_not_make_signed_clinical_claim,include_auxiliary_only
S06,spectral_articulatory_pattern,voice_articulation_auxiliary,41,egemaps_logRelF0-H1-H2_sma3nz_stddevNorm,egemaps_logRelF0-H1-H2_sma3nz_stddevNorm,yes,223,acoustic,openSMILE/eGeMAPS acoustic feature extraction,声源谱倾斜/谐波结构；标准差/归一化波动：该声音属性的稳定性或变异程度。,openSMILE eGeMAPS 对帧级低层描述符提取统计函数；具体统计含义见“统计含义”列。,反映 H1-H2、H1-A3 等谐波关系，和声门闭合、气声、发声方式有关。；AD优先级：低到中,不建议直接套固定阈值；用同任务/同语言 CN 分布校准。,ADReSS/ADReSSo; Martinc et al.; Rohanian et al.; MFCC/eGeMAPS/ComParE systems,bidirectional_deviation,0.0,Auxiliary acoustic pattern: abnormal deviation from CN may be predictive but is not AD-specific.,0.0,|z|(无方向),auxiliary,184,1.9266599416732788,7.463834762573242,7.4534666538238525,28.178770256042498,145.2464235305778,20.292982783654463,23,-6.525815518006034,39,-5.558363621051495,AD_lower,0.4695652173913043,0.4882943143812709,0.0521396868946721,auxiliary_pattern,"Bidirectional auxiliary feature; use deviation from CN, not signed AD evidence.",none_detected_in_this_audit,auxiliary predictor,no_stable_signed_prior,multivariate/bidirectional acoustic pattern,Do not assign high/low clinical meaning. Use as auxiliary multivariate channel only after cross-dataset stability checks.,do_not_make_signed_clinical_claim,include_auxiliary_only
S06,spectral_articulatory_pattern,voice_articulation_auxiliary,42,egemaps_logRelF0-H1-A3_sma3nz_amean,egemaps_logRelF0-H1-A3_sma3nz_amean,yes,223,acoustic,openSMILE/eGeMAPS acoustic feature extraction,声源谱倾斜/谐波结构；均值：该声音属性在整段患者语音中的平均水平。,openSMILE eGeMAPS 对帧级低层描述符提取统计函数；具体统计含义见“统计含义”列。,反映 H1-H2、H1-A3 等谐波关系，和声门闭合、气声、发声方式有关。；AD优先级：低到中,不建议直接套固定阈值；用同任务/同语言 CN 分布校准。,ADReSS/ADReSSo; Martinc et al.; Rohanian et al.; MFCC/eGeMAPS/ComParE systems,bidirectional_deviation,0.0,Auxiliary acoustic pattern: abnormal deviation from CN may be predictive but is not AD-specific.,0.0,|z|(无方向),auxiliary,184,15.219913482666016,2.1217737197875977,17.262214183807373,19.563513374328615,21.63305253982544,15.356966759847555,23,14.24593614495319,39,13.629318970900316,AD_lower,0.4165217391304348,0.5004180602006689,0.1614241095317435,auxiliary_pattern,"Bidirectional auxiliary feature; use deviation from CN, not signed AD evidence.",none_detected_in_this_audit,auxiliary predictor,no_stable_signed_prior,multivariate/bidirectional acoustic pattern,Do not assign high/low clinical meaning. Use as auxiliary multivariate channel only after cross-dataset stability checks.,do_not_make_signed_clinical_claim,include_auxiliary_only
S06,spectral_articulatory_pattern,voice_articulation_auxiliary,43,egemaps_logRelF0-H1-A3_sma3nz_stddevNorm,egemaps_logRelF0-H1-A3_sma3nz_stddevNorm,yes,223,acoustic,openSMILE/eGeMAPS acoustic feature extraction,声源谱倾斜/谐波结构；标准差/归一化波动：该声音属性的稳定性或变异程度。,openSMILE eGeMAPS 对帧级低层描述符提取统计函数；具体统计含义见“统计含义”列。,反映 H1-H2、H1-A3 等谐波关系，和声门闭合、气声、发声方式有关。；AD优先级：低到中,不建议直接套固定阈值；用同任务/同语言 CN 分布校准。,ADReSS/ADReSSo; Martinc et al.; Rohanian et al.; MFCC/eGeMAPS/ComParE systems,bidirectional_deviation,0.0,Auxiliary acoustic pattern: abnormal deviation from CN may be predictive but is not AD-specific.,0.0,|z|(无方向),auxiliary,184,0.6877191960811615,0.1180280745029449,0.8137630671262741,0.9420787811279296,1.0438176751136776,0.7046077988393928,23,0.7520794842554175,39,0.7908164583719693,AD_higher,0.3967391304347826,0.4563823857302118,0.137252679106047,auxiliary_pattern,"Bidirectional auxiliary feature; use deviation from CN, not signed AD evidence.",none_detected_in_this_audit,auxiliary predictor,no_stable_signed_prior,multivariate/bidirectional acoustic pattern,Do not assign high/low clinical meaning. Use as auxiliary multivariate channel only after cross-dataset stability checks.,do_not_make_signed_clinical_claim,include_auxiliary_only
S06,spectral_articulatory_pattern,voice_articulation_auxiliary,44,egemaps_F1frequency_sma3nz_amean,egemaps_F1frequency_sma3nz_amean,yes,223,acoustic,openSMILE/eGeMAPS acoustic feature extraction,共振峰 F1 频率；均值：该声音属性在整段患者语音中的平均水平。,openSMILE eGeMAPS 对帧级低层描述符提取统计函数；具体统计含义见“统计含义”列。,反映元音开口度相关的声道共振位置；更多是构音/音素分布信号。；AD优先级：低,不建议直接套固定阈值；用同任务/同语言 CN 分布校准。,ADReSS/ADReSSo; Martinc et al.; Rohanian et al.; MFCC/eGeMAPS/ComParE systems,bidirectional_deviation,0.0,Auxiliary acoustic pattern: abnormal deviation from CN may be predictive but is not AD-specific.,0.0,|z|(无方向),auxiliary,184,652.012451171875,23.726409912109375,673.6695404052734,698.0107299804688,722.6159713745117,651.443741839865,23,632.0496481190557,39,635.8410394130609,AD_lower,0.4689130434782608,0.4260033444816054,0.0384138941062901,auxiliary_pattern,"Bidirectional auxiliary feature; use deviation from CN, not signed AD evidence.",none_detected_in_this_audit,auxiliary predictor,no_stable_signed_prior,multivariate/bidirectional acoustic pattern,Do not assign high/low clinical meaning. Use as auxiliary multivariate channel only after cross-dataset stability checks.,do_not_make_signed_clinical_claim,include_auxiliary_only
S06,spectral_articulatory_pattern,voice_articulation_auxiliary,45,egemaps_F1frequency_sma3nz_stddevNorm,egemaps_F1frequency_sma3nz_stddevNorm,yes,223,acoustic,openSMILE/eGeMAPS acoustic feature extraction,共振峰 F1 频率；标准差/归一化波动：该声音属性的稳定性或变异程度。,openSMILE eGeMAPS 对帧级低层描述符提取统计函数；具体统计含义见“统计含义”列。,反映元音开口度相关的声道共振位置；更多是构音/音素分布信号。；AD优先级：低,不建议直接套固定阈值；用同任务/同语言 CN 分布校准。,ADReSS/ADReSSo; Martinc et al.; Rohanian et al.; MFCC/eGeMAPS/ComParE systems,bidirectional_deviation,0.0,Auxiliary acoustic pattern: abnormal deviation from CN may be predictive but is not AD-specific.,0.0,|z|(无方向),auxiliary,184,0.3327994644641876,0.0216501206159591,0.3507441282272338,0.3672799766063689,0.3876781724393368,0.329686217981836,23,0.3170132351958233,39,0.3209518530429938,AD_lower,0.4597826086956522,0.4923355629877369,0.1918628125077544,auxiliary_pattern,"Bidirectional auxiliary feature; use deviation from CN, not signed AD evidence.",none_detected_in_this_audit,auxiliary predictor,no_stable_signed_prior,multivariate/bidirectional acoustic pattern,Do not assign high/low clinical meaning. Use as auxiliary multivariate channel only after cross-dataset stability checks.,do_not_make_signed_clinical_claim,include_auxiliary_only
S06,spectral_articulatory_pattern,voice_articulation_auxiliary,46,egemaps_F1bandwidth_sma3nz_amean,egemaps_F1bandwidth_sma3nz_amean,yes,223,acoustic,openSMILE/eGeMAPS acoustic feature extraction,共振峰带宽；均值：该声音属性在整段患者语音中的平均水平。,openSMILE eGeMAPS 对帧级低层描述符提取统计函数；具体统计含义见“统计含义”列。,反映共振峰清晰度和声道/发音状态；受音素分布和录音影响大。；AD优先级：低,不建议直接套固定阈值；用同任务/同语言 CN 分布校准。,ADReSS/ADReSSo; Martinc et al.; Rohanian et al.; MFCC/eGeMAPS/ComParE systems,bidirectional_deviation,0.0,Auxiliary acoustic pattern: abnormal deviation from CN may be predictive but is not AD-specific.,0.0,|z|(无方向),auxiliary,184,1365.4541625976562,15.76947021484375,1381.5850219726562,1396.7703369140625,1416.772946166992,1365.610073587169,23,1367.7289242951767,39,1362.6952342497996,AD_higher,0.4056521739130435,0.5130992196209587,0.0329203829972848,auxiliary_pattern,"Bidirectional auxiliary feature; use deviation from CN, not signed AD evidence.",none_detected_in_this_audit,auxiliary predictor,no_stable_signed_prior,multivariate/bidirectional acoustic pattern,Do not assign high/low clinical meaning. Use as auxiliary multivariate channel only after cross-dataset stability checks.,do_not_make_signed_clinical_claim,include_auxiliary_only
S06,spectral_articulatory_pattern,voice_articulation_auxiliary,47,egemaps_F1bandwidth_sma3nz_stddevNorm,egemaps_F1bandwidth_sma3nz_stddevNorm,yes,223,acoustic,openSMILE/eGeMAPS acoustic feature extraction,共振峰带宽；标准差/归一化波动：该声音属性的稳定性或变异程度。,openSMILE eGeMAPS 对帧级低层描述符提取统计函数；具体统计含义见“统计含义”列。,反映共振峰清晰度和声道/发音状态；受音素分布和录音影响大。；AD优先级：高（当前 IAEAV 强差异）,不建议直接套固定阈值；用同任务/同语言 CN 分布校准。,ADReSS/ADReSSo; Martinc et al.; Rohanian et al.; MFCC/eGeMAPS/ComParE systems,bidirectional_deviation,0.0,Auxiliary acoustic pattern: abnormal deviation from CN may be predictive but is not AD-specific.,0.0,|z|(无方向),auxiliary,184,0.1622192934155463,0.0067759677767754,0.1703906059265136,0.1797303169965744,0.1921819884330034,0.1645209004535623,23,0.1575711991475976,39,0.1592557862018927,AD_lower,0.4756521739130435,0.4711538461538461,0.121836348090275,auxiliary_pattern,"Bidirectional auxiliary feature; use deviation from CN, not signed AD evidence.",none_detected_in_this_audit,auxiliary predictor,no_stable_signed_prior,multivariate/bidirectional acoustic pattern,Do not assign high/low clinical meaning. Use as auxiliary multivariate channel only after cross-dataset stability checks.,do_not_make_signed_clinical_claim,include_auxiliary_only
S06,spectral_articulatory_pattern,voice_articulation_auxiliary,48,egemaps_F2frequency_sma3nz_amean,egemaps_F2frequency_sma3nz_amean,yes,223,acoustic,openSMILE/eGeMAPS acoustic feature extraction,共振峰 F2 频率；均值：该声音属性在整段患者语音中的平均水平。,openSMILE eGeMAPS 对帧级低层描述符提取统计函数；具体统计含义见“统计含义”列。,反映舌位前后和元音分布相关的声道共振位置。；AD优先级：低,不建议直接套固定阈值；用同任务/同语言 CN 分布校准。,ADReSS/ADReSSo; Martinc et al.; Rohanian et al.; MFCC/eGeMAPS/ComParE systems,bidirectional_deviation,0.0,Auxiliary acoustic pattern: abnormal deviation from CN may be predictive but is not AD-specific.,0.0,|z|(无方向),auxiliary,184,1683.2166137695312,21.32269287109375,1700.389129638672,1717.403857421875,1741.0924591064454,1677.3680731731913,23,1663.685982082201,39,1665.059326171875,AD_lower,0.5165217391304348,0.4722686733556299,0.0715163506309921,auxiliary_pattern,"Bidirectional auxiliary feature; use deviation from CN, not signed AD evidence.",none_detected_in_this_audit,auxiliary predictor,no_stable_signed_prior,multivariate/bidirectional acoustic pattern,Do not assign high/low clinical meaning. Use as auxiliary multivariate channel only after cross-dataset stability checks.,do_not_make_signed_clinical_claim,include_auxiliary_only
S06,spectral_articulatory_pattern,voice_articulation_auxiliary,49,egemaps_F2frequency_sma3nz_stddevNorm,egemaps_F2frequency_sma3nz_stddevNorm,yes,223,acoustic,openSMILE/eGeMAPS acoustic feature extraction,共振峰 F2 频率；标准差/归一化波动：该声音属性的稳定性或变异程度。,openSMILE eGeMAPS 对帧级低层描述符提取统计函数；具体统计含义见“统计含义”列。,反映舌位前后和元音分布相关的声道共振位置。；AD优先级：低,不建议直接套固定阈值；用同任务/同语言 CN 分布校准。,ADReSS/ADReSSo; Martinc et al.; Rohanian et al.; MFCC/eGeMAPS/ComParE systems,bidirectional_deviation,0.0,Auxiliary acoustic pattern: abnormal deviation from CN may be predictive but is not AD-specific.,0.0,|z|(无方向),auxiliary,184,0.1460229009389876,0.0058999210596085,0.1514634788036346,0.1555789321660995,0.1634828560054301,0.1459127202144135,23,0.1500258037577504,39,0.1506123798779951,AD_higher,0.5415217391304348,0.5608974358974359,0.1715440273604281,auxiliary_pattern,"Bidirectional auxiliary feature; use deviation from CN, not signed AD evidence.",none_detected_in_this_audit,auxiliary predictor,no_stable_signed_prior,multivariate/bidirectional acoustic pattern,Do not assign high/low clinical meaning. Use as auxiliary multivariate channel only after cross-dataset stability checks.,do_not_make_signed_clinical_claim,include_auxiliary_only
S06,spectral_articulatory_pattern,voice_articulation_auxiliary,50,egemaps_F2bandwidth_sma3nz_amean,egemaps_F2bandwidth_sma3nz_amean,yes,223,acoustic,openSMILE/eGeMAPS acoustic feature extraction,共振峰带宽；均值：该声音属性在整段患者语音中的平均水平。,openSMILE eGeMAPS 对帧级低层描述符提取统计函数；具体统计含义见“统计含义”列。,反映共振峰清晰度和声道/发音状态；受音素分布和录音影响大。；AD优先级：低,不建议直接套固定阈值；用同任务/同语言 CN 分布校准。,ADReSS/ADReSSo; Martinc et al.; Rohanian et al.; MFCC/eGeMAPS/ComParE systems,bidirectional_deviation,0.0,Auxiliary acoustic pattern: abnormal deviation from CN may be predictive but is not AD-specific.,0.0,|z|(无方向),auxiliary,184,1134.5834350585938,20.33465576171875,1153.903289794922,1166.9960815429688,1182.5517486572264,1132.5087830916696,23,1125.7068136463995,39,1123.3245787009214,AD_lower,0.5184782608695652,0.5518394648829431,0.0297897695532355,auxiliary_pattern,"Bidirectional auxiliary feature; use deviation from CN, not signed AD evidence.",none_detected_in_this_audit,auxiliary predictor,no_stable_signed_prior,multivariate/bidirectional acoustic pattern,Do not assign high/low clinical meaning. Use as auxiliary multivariate channel only after cross-dataset stability checks.,do_not_make_signed_clinical_claim,include_auxiliary_only
S06,spectral_articulatory_pattern,voice_articulation_auxiliary,51,egemaps_F2bandwidth_sma3nz_stddevNorm,egemaps_F2bandwidth_sma3nz_stddevNorm,yes,223,acoustic,openSMILE/eGeMAPS acoustic feature extraction,共振峰带宽；标准差/归一化波动：该声音属性的稳定性或变异程度。,openSMILE eGeMAPS 对帧级低层描述符提取统计函数；具体统计含义见“统计含义”列。,反映共振峰清晰度和声道/发音状态；受音素分布和录音影响大。；AD优先级：低,不建议直接套固定阈值；用同任务/同语言 CN 分布校准。,ADReSS/ADReSSo; Martinc et al.; Rohanian et al.; MFCC/eGeMAPS/ComParE systems,bidirectional_deviation,0.0,Auxiliary acoustic pattern: abnormal deviation from CN may be predictive but is not AD-specific.,0.0,|z|(无方向),auxiliary,184,0.2798870354890823,0.0136982500553131,0.2932738736271857,0.3046766996383667,0.3297153957188128,0.2812464763612851,23,0.2792697030565013,39,0.2763378574297978,AD_lower,0.4826086956521739,0.5013935340022296,0.0363624345050747,auxiliary_pattern,"Bidirectional auxiliary feature; use deviation from CN, not signed AD evidence.",none_detected_in_this_audit,auxiliary predictor,no_stable_signed_prior,multivariate/bidirectional acoustic pattern,Do not assign high/low clinical meaning. Use as auxiliary multivariate channel only after cross-dataset stability checks.,do_not_make_signed_clinical_claim,include_auxiliary_only
S06,spectral_articulatory_pattern,voice_articulation_auxiliary,52,egemaps_F3frequency_sma3nz_amean,egemaps_F3frequency_sma3nz_amean,yes,223,acoustic,openSMILE/eGeMAPS acoustic feature extraction,共振峰 F3 频率；均值：该声音属性在整段患者语音中的平均水平。,openSMILE eGeMAPS 对帧级低层描述符提取统计函数；具体统计含义见“统计含义”列。,反映更高阶声道共振结构；与音素、说话人声道差异关系大。；AD优先级：低,不建议直接套固定阈值；用同任务/同语言 CN 分布校准。,ADReSS/ADReSSo; Martinc et al.; Rohanian et al.; MFCC/eGeMAPS/ComParE systems,bidirectional_deviation,0.0,Auxiliary acoustic pattern: abnormal deviation from CN may be predictive but is not AD-specific.,0.0,|z|(无方向),auxiliary,184,2673.205322265625,27.4073486328125,2700.8670043945312,2720.3298828125,2745.4306579589843,2674.7666466754417,23,2670.458198879076,39,2667.5470502804487,AD_lower,0.3854347826086956,0.3713768115942029,0.0333725870916457,auxiliary_pattern,"Bidirectional auxiliary feature; use deviation from CN, not signed AD evidence.",none_detected_in_this_audit,auxiliary predictor,no_stable_signed_prior,multivariate/bidirectional acoustic pattern,Do not assign high/low clinical meaning. Use as auxiliary multivariate channel only after cross-dataset stability checks.,do_not_make_signed_clinical_claim,include_auxiliary_only
S06,spectral_articulatory_pattern,voice_articulation_auxiliary,53,egemaps_F3frequency_sma3nz_stddevNorm,egemaps_F3frequency_sma3nz_stddevNorm,yes,223,acoustic,openSMILE/eGeMAPS acoustic feature extraction,共振峰 F3 频率；标准差/归一化波动：该声音属性的稳定性或变异程度。,openSMILE eGeMAPS 对帧级低层描述符提取统计函数；具体统计含义见“统计含义”列。,反映更高阶声道共振结构；与音素、说话人声道差异关系大。；AD优先级：低,不建议直接套固定阈值；用同任务/同语言 CN 分布校准。,ADReSS/ADReSSo; Martinc et al.; Rohanian et al.; MFCC/eGeMAPS/ComParE systems,bidirectional_deviation,0.0,Auxiliary acoustic pattern: abnormal deviation from CN may be predictive but is not AD-specific.,0.0,|z|(无方向),auxiliary,184,0.0886360444128513,0.0039473846554755,0.0932090505957603,0.0964571900665759,0.1023430883884429,0.0892394206527134,23,0.0933925720012705,39,0.0936100028264216,AD_higher,0.5330434782608696,0.5313545150501672,0.1229285663152631,auxiliary_pattern,"Bidirectional auxiliary feature; use deviation from CN, not signed AD evidence.",none_detected_in_this_audit,auxiliary predictor,no_stable_signed_prior,multivariate/bidirectional acoustic pattern,Do not assign high/low clinical meaning. Use as auxiliary multivariate channel only after cross-dataset stability checks.,do_not_make_signed_clinical_claim,include_auxiliary_only
S06,spectral_articulatory_pattern,voice_articulation_auxiliary,54,egemaps_F3bandwidth_sma3nz_amean,egemaps_F3bandwidth_sma3nz_amean,yes,223,acoustic,openSMILE/eGeMAPS acoustic feature extraction,共振峰带宽；均值：该声音属性在整段患者语音中的平均水平。,openSMILE eGeMAPS 对帧级低层描述符提取统计函数；具体统计含义见“统计含义”列。,反映共振峰清晰度和声道/发音状态；受音素分布和录音影响大。；AD优先级：低,不建议直接套固定阈值；用同任务/同语言 CN 分布校准。,ADReSS/ADReSSo; Martinc et al.; Rohanian et al.; MFCC/eGeMAPS/ComParE systems,bidirectional_deviation,0.0,Auxiliary acoustic pattern: abnormal deviation from CN may be predictive but is not AD-specific.,0.0,|z|(无方向),auxiliary,184,967.9017639160156,15.144805908203123,983.6266174316406,997.7092834472658,1015.9399856567384,967.7008637138036,23,964.1331362516984,39,964.2114883814104,AD_lower,0.4576086956521739,0.453804347826087,0.070823605089462,auxiliary_pattern,"Bidirectional auxiliary feature; use deviation from CN, not signed AD evidence.",none_detected_in_this_audit,auxiliary predictor,no_stable_signed_prior,multivariate/bidirectional acoustic pattern,Do not assign high/low clinical meaning. Use as auxiliary multivariate channel only after cross-dataset stability checks.,do_not_make_signed_clinical_claim,include_auxiliary_only
S06,spectral_articulatory_pattern,voice_articulation_auxiliary,55,egemaps_F3bandwidth_sma3nz_stddevNorm,egemaps_F3bandwidth_sma3nz_stddevNorm,yes,223,acoustic,openSMILE/eGeMAPS acoustic feature extraction,共振峰带宽；标准差/归一化波动：该声音属性的稳定性或变异程度。,openSMILE eGeMAPS 对帧级低层描述符提取统计函数；具体统计含义见“统计含义”列。,反映共振峰清晰度和声道/发音状态；受音素分布和录音影响大。；AD优先级：低,不建议直接套固定阈值；用同任务/同语言 CN 分布校准。,ADReSS/ADReSSo; Martinc et al.; Rohanian et al.; MFCC/eGeMAPS/ComParE systems,bidirectional_deviation,0.0,Auxiliary acoustic pattern: abnormal deviation from CN may be predictive but is not AD-specific.,0.0,|z|(无方向),auxiliary,184,0.3270571082830429,0.0142056047916412,0.3422215580940246,0.3591438919305801,0.3757738359272479,0.3294511967055175,23,0.3238180823948072,39,0.3220002804047022,AD_lower,0.4813043478260869,0.519927536231884,0.0542633296466425,auxiliary_pattern,"Bidirectional auxiliary feature; use deviation from CN, not signed AD evidence.",none_detected_in_this_audit,auxiliary predictor,no_stable_signed_prior,multivariate/bidirectional acoustic pattern,Do not assign high/low clinical meaning. Use as auxiliary multivariate channel only after cross-dataset stability checks.,do_not_make_signed_clinical_claim,include_auxiliary_only
S06,spectral_articulatory_pattern,voice_articulation_auxiliary,56,egemaps_alphaRatioV_sma3nz_amean,egemaps_alphaRatioV_sma3nz_amean,yes,223,acoustic,openSMILE/eGeMAPS acoustic feature extraction,谱能量比例/alpha ratio；均值：该声音属性在整段患者语音中的平均水平。,openSMILE eGeMAPS 对帧级低层描述符提取统计函数；具体统计含义见“统计含义”列。,低频和高频能量比例，反映声音明亮度、发声方式和频谱倾斜。；AD优先级：低到中,不建议直接套固定阈值；用同任务/同语言 CN 分布校准。,ADReSS/ADReSSo; Martinc et al.; Rohanian et al.; MFCC/eGeMAPS/ComParE systems,bidirectional_deviation,0.0,Auxiliary acoustic pattern: abnormal deviation from CN may be predictive but is not AD-specific.,0.0,|z|(无方向),auxiliary,184,-8.428216934204102,1.496288776397706,-6.950748682022095,-5.757515859603881,-4.338270950317388,-8.37492745337279,23,-8.51505472349084,39,-7.879243166018755,AD_lower,0.3917391304347826,0.495819397993311,0.1943702221412833,auxiliary_pattern,"Bidirectional auxiliary feature; use deviation from CN, not signed AD evidence.",none_detected_in_this_audit,auxiliary predictor,no_stable_signed_prior,multivariate/bidirectional acoustic pattern,Do not assign high/low clinical meaning. Use as auxiliary multivariate channel only after cross-dataset stability checks.,do_not_make_signed_clinical_claim,include_auxiliary_only
S06,spectral_articulatory_pattern,voice_articulation_auxiliary,57,egemaps_alphaRatioV_sma3nz_stddevNorm,egemaps_alphaRatioV_sma3nz_stddevNorm,yes,223,acoustic,openSMILE/eGeMAPS acoustic feature extraction,谱能量比例/alpha ratio；标准差/归一化波动：该声音属性的稳定性或变异程度。,openSMILE eGeMAPS 对帧级低层描述符提取统计函数；具体统计含义见“统计含义”列。,低频和高频能量比例，反映声音明亮度、发声方式和频谱倾斜。；AD优先级：低到中,不建议直接套固定阈值；用同任务/同语言 CN 分布校准。,ADReSS/ADReSSo; Martinc et al.; Rohanian et al.; MFCC/eGeMAPS/ComParE systems,bidirectional_deviation,0.0,Auxiliary acoustic pattern: abnormal deviation from CN may be predictive but is not AD-specific.,0.0,|z|(无方向),auxiliary,184,-0.8163401186466217,0.164471834897995,-0.6749936044216156,-0.547965508699417,-0.4591171845793724,-0.886071638730557,23,-0.9402291930240132,39,-1.0271519697629488,AD_lower,0.4521739130434782,0.5477982162764772,0.2409358484462434,auxiliary_pattern,"Bidirectional auxiliary feature; use deviation from CN, not signed AD evidence.",high_interviewer_variance,auxiliary predictor,no_stable_signed_prior,multivariate/bidirectional acoustic pattern,Do not assign high/low clinical meaning. Use as auxiliary multivariate channel only after cross-dataset stability checks.,do_not_make_signed_clinical_claim,include_auxiliary_only
S06,spectral_articulatory_pattern,voice_articulation_auxiliary,58,egemaps_hammarbergIndexV_sma3nz_amean,egemaps_hammarbergIndexV_sma3nz_amean,yes,223,acoustic,openSMILE/eGeMAPS acoustic feature extraction,谱能量比例/Hammarberg index；均值：该声音属性在整段患者语音中的平均水平。,openSMILE eGeMAPS 对帧级低层描述符提取统计函数；具体统计含义见“统计含义”列。,不同频段峰值能量差，反映声音明亮度和音色。；AD优先级：低到中,不建议直接套固定阈值；用同任务/同语言 CN 分布校准。,ADReSS/ADReSSo; Martinc et al.; Rohanian et al.; MFCC/eGeMAPS/ComParE systems,bidirectional_deviation,0.0,Auxiliary acoustic pattern: abnormal deviation from CN may be predictive but is not AD-specific.,0.0,|z|(无方向),auxiliary,184,17.57737159729004,1.5209245681762695,19.137526512145996,20.459547615051275,21.28344173431396,17.621610366779827,23,18.32466175245202,39,17.64401066608918,AD_higher,0.4265217391304348,0.4882943143812709,0.1642471514629768,auxiliary_pattern,"Bidirectional auxiliary feature; use deviation from CN, not signed AD evidence.",none_detected_in_this_audit,auxiliary predictor,no_stable_signed_prior,multivariate/bidirectional acoustic pattern,Do not assign high/low clinical meaning. Use as auxiliary multivariate channel only after cross-dataset stability checks.,do_not_make_signed_clinical_claim,include_auxiliary_only
S06,spectral_articulatory_pattern,voice_articulation_auxiliary,59,egemaps_hammarbergIndexV_sma3nz_stddevNorm,egemaps_hammarbergIndexV_sma3nz_stddevNorm,yes,223,acoustic,openSMILE/eGeMAPS acoustic feature extraction,谱能量比例/Hammarberg index；标准差/归一化波动：该声音属性的稳定性或变异程度。,openSMILE eGeMAPS 对帧级低层描述符提取统计函数；具体统计含义见“统计含义”列。,不同频段峰值能量差，反映声音明亮度和音色。；AD优先级：低到中,不建议直接套固定阈值；用同任务/同语言 CN 分布校准。,ADReSS/ADReSSo; Martinc et al.; Rohanian et al.; MFCC/eGeMAPS/ComParE systems,bidirectional_deviation,0.0,Auxiliary acoustic pattern: abnormal deviation from CN may be predictive but is not AD-specific.,0.0,|z|(无方向),auxiliary,184,0.4311799556016921,0.0512275844812392,0.4833413138985634,0.54472393989563,0.5912269294261929,0.4354544303825368,23,0.4412059887595799,39,0.4533543288707733,AD_higher,0.3671739130434782,0.3906075808249721,0.1762419602363612,auxiliary_pattern,"Bidirectional auxiliary feature; use deviation from CN, not signed AD evidence.",none_detected_in_this_audit,auxiliary predictor,no_stable_signed_prior,multivariate/bidirectional acoustic pattern,Do not assign high/low clinical meaning. Use as auxiliary multivariate channel only after cross-dataset stability checks.,do_not_make_signed_clinical_claim,include_auxiliary_only
S06,spectral_articulatory_pattern,voice_articulation_auxiliary,60,egemaps_slopeV0-500_sma3nz_amean,egemaps_slopeV0-500_sma3nz_amean,yes,223,acoustic,openSMILE/eGeMAPS acoustic feature extraction,低频谱斜率；均值：该声音属性在整段患者语音中的平均水平。,openSMILE eGeMAPS 对帧级低层描述符提取统计函数；具体统计含义见“统计含义”列。,0-500Hz 频段谱斜率，反映低频能量分布和发声方式。；AD优先级：低到中,不建议直接套固定阈值；用同任务/同语言 CN 分布校准。,ADReSS/ADReSSo; Martinc et al.; Rohanian et al.; MFCC/eGeMAPS/ComParE systems,bidirectional_deviation,0.0,Auxiliary acoustic pattern: abnormal deviation from CN may be predictive but is not AD-specific.,0.0,|z|(无方向),auxiliary,184,0.0449372343719005,0.0050177983939647,0.0499564334750175,0.0540658403187989,0.0579004568979143,0.0445928430316321,23,0.0464283886325099,39,0.0453574094348228,AD_higher,0.4852173913043478,0.4888517279821627,0.0782508597233992,auxiliary_pattern,"Bidirectional auxiliary feature; use deviation from CN, not signed AD evidence.",none_detected_in_this_audit,auxiliary predictor,no_stable_signed_prior,multivariate/bidirectional acoustic pattern,Do not assign high/low clinical meaning. Use as auxiliary multivariate channel only after cross-dataset stability checks.,do_not_make_signed_clinical_claim,include_auxiliary_only
S06,spectral_articulatory_pattern,voice_articulation_auxiliary,61,egemaps_slopeV0-500_sma3nz_stddevNorm,egemaps_slopeV0-500_sma3nz_stddevNorm,yes,223,acoustic,openSMILE/eGeMAPS acoustic feature extraction,低频谱斜率；标准差/归一化波动：该声音属性的稳定性或变异程度。,openSMILE eGeMAPS 对帧级低层描述符提取统计函数；具体统计含义见“统计含义”列。,0-500Hz 频段谱斜率，反映低频能量分布和发声方式。；AD优先级：低到中,不建议直接套固定阈值；用同任务/同语言 CN 分布校准。,ADReSS/ADReSSo; Martinc et al.; Rohanian et al.; MFCC/eGeMAPS/ComParE systems,bidirectional_deviation,0.0,Auxiliary acoustic pattern: abnormal deviation from CN may be predictive but is not AD-specific.,0.0,|z|(无方向),auxiliary,184,0.5122110545635223,0.0947318226099014,0.6346984058618546,0.7856920778751377,1.1225021809339517,0.563850963893144,23,0.502821287383204,39,0.5015321595546527,AD_lower,0.4452173913043478,0.4403567447045708,0.0918047198091313,auxiliary_pattern,"Bidirectional auxiliary feature; use deviation from CN, not signed AD evidence.",none_detected_in_this_audit,auxiliary predictor,no_stable_signed_prior,multivariate/bidirectional acoustic pattern,Do not assign high/low clinical meaning. Use as auxiliary multivariate channel only after cross-dataset stability checks.,do_not_make_signed_clinical_claim,include_auxiliary_only
S06,spectral_articulatory_pattern,voice_articulation_auxiliary,62,egemaps_slopeV500-1500_sma3nz_amean,egemaps_slopeV500-1500_sma3nz_amean,yes,223,acoustic,openSMILE/eGeMAPS acoustic feature extraction,中频谱斜率；均值：该声音属性在整段患者语音中的平均水平。,openSMILE eGeMAPS 对帧级低层描述符提取统计函数；具体统计含义见“统计含义”列。,500-1500Hz 频段谱斜率，反映中频能量分布和音色。；AD优先级：低到中,不建议直接套固定阈值；用同任务/同语言 CN 分布校准。,ADReSS/ADReSSo; Martinc et al.; Rohanian et al.; MFCC/eGeMAPS/ComParE systems,bidirectional_deviation,0.0,Auxiliary acoustic pattern: abnormal deviation from CN may be predictive but is not AD-specific.,0.0,|z|(无方向),auxiliary,184,-0.0172268813475966,0.0039758351631462,-0.0135036392603069,-0.0094527045264839,-0.0050649204640648,-0.0169712641376384,23,-0.0215797165975622,39,-0.0205994627366844,AD_lower,0.5319565217391304,0.4700390189520624,0.1517640272656124,auxiliary_pattern,"Bidirectional auxiliary feature; use deviation from CN, not signed AD evidence.",none_detected_in_this_audit,auxiliary predictor,no_stable_signed_prior,multivariate/bidirectional acoustic pattern,Do not assign high/low clinical meaning. Use as auxiliary multivariate channel only after cross-dataset stability checks.,do_not_make_signed_clinical_claim,include_auxiliary_only
S06,spectral_articulatory_pattern,voice_articulation_auxiliary,63,egemaps_slopeV500-1500_sma3nz_stddevNorm,egemaps_slopeV500-1500_sma3nz_stddevNorm,yes,223,acoustic,openSMILE/eGeMAPS acoustic feature extraction,中频谱斜率；标准差/归一化波动：该声音属性的稳定性或变异程度。,openSMILE eGeMAPS 对帧级低层描述符提取统计函数；具体统计含义见“统计含义”列。,500-1500Hz 频段谱斜率，反映中频能量分布和音色。；AD优先级：高（当前 IAEAV 强差异）,不建议直接套固定阈值；用同任务/同语言 CN 分布校准。,ADReSS/ADReSSo; Martinc et al.; Rohanian et al.; MFCC/eGeMAPS/ComParE systems,bidirectional_deviation,0.0,Auxiliary acoustic pattern: abnormal deviation from CN may be predictive but is not AD-specific.,0.0,|z|(无方向),auxiliary,184,-1.1809868216514587,0.2370717227458954,-0.9523460268974304,-0.8177095830440521,-0.7321534574031832,-1.4015223124752874,23,-0.8875613964122274,39,-0.9280438056358924,AD_higher,0.585,0.5415273132664437,0.094225004388776,auxiliary_pattern,"Bidirectional auxiliary feature; use deviation from CN, not signed AD evidence.",none_detected_in_this_audit,auxiliary predictor,no_stable_signed_prior,multivariate/bidirectional acoustic pattern,Do not assign high/low clinical meaning. Use as auxiliary multivariate channel only after cross-dataset stability checks.,do_not_make_signed_clinical_claim,include_auxiliary_only
S06,spectral_articulatory_pattern,voice_articulation_auxiliary,64,egemaps_spectralFluxV_sma3nz_amean,egemaps_spectralFluxV_sma3nz_amean,yes,223,acoustic,openSMILE/eGeMAPS acoustic feature extraction,频谱变化速度；均值：该声音属性在整段患者语音中的平均水平。,openSMILE eGeMAPS 对帧级低层描述符提取统计函数；具体统计含义见“统计含义”列。,反映相邻帧频谱变化程度；可捕捉发音转换、声音稳定性和语流动态。；AD优先级：高（当前 IAEAV 强差异）,不建议直接套固定阈值；用同任务/同语言 CN 分布校准。,ADReSS/ADReSSo; Martinc et al.; Rohanian et al.; MFCC/eGeMAPS/ComParE systems,bidirectional_deviation,0.0,Auxiliary acoustic pattern: abnormal deviation from CN may be predictive but is not AD-specific.,0.0,|z|(无方向),auxiliary,184,0.2728330641984939,0.0910109728574752,0.3699452653527259,0.4371317684650421,0.5567572712898252,0.2855762794370884,23,0.4667319435140361,39,0.4740684345746652,AD_higher,0.6780434782608695,0.7090301003344481,0.3753894443028567,auxiliary_pattern,"Bidirectional auxiliary feature; use deviation from CN, not signed AD evidence.",high_interviewer_variance,auxiliary predictor,no_stable_signed_prior,multivariate/bidirectional acoustic pattern,Do not assign high/low clinical meaning. Use as auxiliary multivariate channel only after cross-dataset stability checks.,do_not_make_signed_clinical_claim,include_auxiliary_only
S06,spectral_articulatory_pattern,voice_articulation_auxiliary,65,egemaps_spectralFluxV_sma3nz_stddevNorm,egemaps_spectralFluxV_sma3nz_stddevNorm,yes,223,acoustic,openSMILE/eGeMAPS acoustic feature extraction,频谱变化速度；标准差/归一化波动：该声音属性的稳定性或变异程度。,openSMILE eGeMAPS 对帧级低层描述符提取统计函数；具体统计含义见“统计含义”列。,反映相邻帧频谱变化程度；可捕捉发音转换、声音稳定性和语流动态。；AD优先级：高（当前 IAEAV 强差异）,不建议直接套固定阈值；用同任务/同语言 CN 分布校准。,ADReSS/ADReSSo; Martinc et al.; Rohanian et al.; MFCC/eGeMAPS/ComParE systems,bidirectional_deviation,0.0,Auxiliary acoustic pattern: abnormal deviation from CN may be predictive but is not AD-specific.,0.0,|z|(无方向),auxiliary,184,0.7209973335266113,0.1133088171482086,0.85999895632267,0.9941979885101322,1.1808608353137968,0.7577372065380864,23,0.6717575011046036,39,0.6630909519317822,AD_lower,0.401304347826087,0.3830824972129319,0.1308341184376647,auxiliary_pattern,"Bidirectional auxiliary feature; use deviation from CN, not signed AD evidence.",none_detected_in_this_audit,auxiliary predictor,no_stable_signed_prior,multivariate/bidirectional acoustic pattern,Do not assign high/low clinical meaning. Use as auxiliary multivariate channel only after cross-dataset stability checks.,do_not_make_signed_clinical_claim,include_auxiliary_only
S06,spectral_articulatory_pattern,voice_articulation_auxiliary,66,egemaps_mfcc1V_sma3nz_amean,egemaps_mfcc1V_sma3nz_amean,yes,223,acoustic,openSMILE/eGeMAPS acoustic feature extraction,频谱包络/MFCC；均值：该声音属性在整段患者语音中的平均水平。,openSMILE eGeMAPS 对帧级低层描述符提取统计函数；具体统计含义见“统计含义”列。,反映音色和声道谱形变化；解释性弱于 pause、voicing、loudness 和 F0。；AD优先级：高（当前 IAEAV 强差异）,不建议直接套固定阈值；用同任务/同语言 CN 分布校准。,ADReSS/ADReSSo; Martinc et al.; Rohanian et al.; MFCC/eGeMAPS/ComParE systems,bidirectional_deviation,0.0,Auxiliary acoustic pattern: abnormal deviation from CN may be predictive but is not AD-specific.,0.0,|z|(无方向),auxiliary,184,17.09701156616211,1.4272499084472656,18.305554389953613,19.739148330688476,21.17724466323852,17.0442308705786,23,21.66434180218241,39,21.30412260691325,AD_higher,0.8132608695652174,0.8490802675585284,0.4926424396335334,auxiliary_pattern,"Bidirectional auxiliary feature; use deviation from CN, not signed AD evidence.",high_interviewer_variance,auxiliary predictor,no_stable_signed_prior,multivariate/bidirectional acoustic pattern,Do not assign high/low clinical meaning. Use as auxiliary multivariate channel only after cross-dataset stability checks.,do_not_make_signed_clinical_claim,include_auxiliary_only
S06,spectral_articulatory_pattern,voice_articulation_auxiliary,67,egemaps_mfcc1V_sma3nz_stddevNorm,egemaps_mfcc1V_sma3nz_stddevNorm,yes,223,acoustic,openSMILE/eGeMAPS acoustic feature extraction,频谱包络/MFCC；标准差/归一化波动：该声音属性的稳定性或变异程度。,openSMILE eGeMAPS 对帧级低层描述符提取统计函数；具体统计含义见“统计含义”列。,反映音色和声道谱形变化；解释性弱于 pause、voicing、loudness 和 F0。；AD优先级：低到中,不建议直接套固定阈值；用同任务/同语言 CN 分布校准。,ADReSS/ADReSSo; Martinc et al.; Rohanian et al.; MFCC/eGeMAPS/ComParE systems,bidirectional_deviation,0.0,Auxiliary acoustic pattern: abnormal deviation from CN may be predictive but is not AD-specific.,0.0,|z|(无方向),auxiliary,184,0.4976976662874222,0.0708757042884826,0.5662333369255066,0.645535469055176,0.747984065115451,0.5098164131783921,23,0.4168972528499106,39,0.4226828492604769,AD_lower,0.6280434782608696,0.6066053511705686,0.3211233235138812,auxiliary_pattern,"Bidirectional auxiliary feature; use deviation from CN, not signed AD evidence.",high_interviewer_variance,auxiliary predictor,no_stable_signed_prior,multivariate/bidirectional acoustic pattern,Do not assign high/low clinical meaning. Use as auxiliary multivariate channel only after cross-dataset stability checks.,do_not_make_signed_clinical_claim,include_auxiliary_only
S06,spectral_articulatory_pattern,voice_articulation_auxiliary,68,egemaps_mfcc2V_sma3nz_amean,egemaps_mfcc2V_sma3nz_amean,yes,223,acoustic,openSMILE/eGeMAPS acoustic feature extraction,频谱包络/MFCC；均值：该声音属性在整段患者语音中的平均水平。,openSMILE eGeMAPS 对帧级低层描述符提取统计函数；具体统计含义见“统计含义”列。,反映音色和声道谱形变化；解释性弱于 pause、voicing、loudness 和 F0。；AD优先级：低到中,不建议直接套固定阈值；用同任务/同语言 CN 分布校准。,ADReSS/ADReSSo; Martinc et al.; Rohanian et al.; MFCC/eGeMAPS/ComParE systems,bidirectional_deviation,0.0,Auxiliary acoustic pattern: abnormal deviation from CN may be predictive but is not AD-specific.,0.0,|z|(无方向),auxiliary,184,2.1548736095428467,3.017930656671524,4.800997853279114,7.16234393119812,9.730480933189382,1.8558234946964227,23,-0.8646651788047798,39,-2.0268867067300165,AD_lower,0.585,0.6828316610925307,0.385643186473152,auxiliary_pattern,"Bidirectional auxiliary feature; use deviation from CN, not signed AD evidence.",high_interviewer_variance,auxiliary predictor,no_stable_signed_prior,multivariate/bidirectional acoustic pattern,Do not assign high/low clinical meaning. Use as auxiliary multivariate channel only after cross-dataset stability checks.,do_not_make_signed_clinical_claim,include_auxiliary_only
S06,spectral_articulatory_pattern,voice_articulation_auxiliary,69,egemaps_mfcc2V_sma3nz_stddevNorm,egemaps_mfcc2V_sma3nz_stddevNorm,yes,223,acoustic,openSMILE/eGeMAPS acoustic feature extraction,频谱包络/MFCC；标准差/归一化波动：该声音属性的稳定性或变异程度。,openSMILE eGeMAPS 对帧级低层描述符提取统计函数；具体统计含义见“统计含义”列。,反映音色和声道谱形变化；解释性弱于 pause、voicing、loudness 和 F0。；AD优先级：低到中,不建议直接套固定阈值；用同任务/同语言 CN 分布校准。,ADReSS/ADReSSo; Martinc et al.; Rohanian et al.; MFCC/eGeMAPS/ComParE systems,bidirectional_deviation,0.0,Auxiliary acoustic pattern: abnormal deviation from CN may be predictive but is not AD-specific.,0.0,|z|(无方向),auxiliary,184,2.0538136959075928,3.95571094751358,3.99409145116806,8.887964153289797,39.87264814376822,-2.91510328553293,23,56.10979988264001,39,39.99229729175568,AD_higher,0.6178260869565217,0.6266722408026756,0.0145556550385443,auxiliary_pattern,"Bidirectional auxiliary feature; use deviation from CN, not signed AD evidence.",none_detected_in_this_audit,auxiliary predictor,no_stable_signed_prior,multivariate/bidirectional acoustic pattern,Do not assign high/low clinical meaning. Use as auxiliary multivariate channel only after cross-dataset stability checks.,do_not_make_signed_clinical_claim,include_auxiliary_only
S06,spectral_articulatory_pattern,voice_articulation_auxiliary,70,egemaps_mfcc3V_sma3nz_amean,egemaps_mfcc3V_sma3nz_amean,yes,223,acoustic,openSMILE/eGeMAPS acoustic feature extraction,频谱包络/MFCC；均值：该声音属性在整段患者语音中的平均水平。,openSMILE eGeMAPS 对帧级低层描述符提取统计函数；具体统计含义见“统计含义”列。,反映音色和声道谱形变化；解释性弱于 pause、voicing、loudness 和 F0。；AD优先级：低到中,不建议直接套固定阈值；用同任务/同语言 CN 分布校准。,ADReSS/ADReSSo; Martinc et al.; Rohanian et al.; MFCC/eGeMAPS/ComParE systems,bidirectional_deviation,0.0,Auxiliary acoustic pattern: abnormal deviation from CN may be predictive but is not AD-specific.,0.0,|z|(无方向),auxiliary,184,-2.0634090900421143,2.6837134659290314,0.8431944847106934,2.9295985698699956,5.851299440860738,-2.0091201009977935,23,-0.9576249472814632,39,-0.9072580146685374,AD_higher,0.3978260869565217,0.4542920847268673,0.1862581717373896,auxiliary_pattern,"Bidirectional auxiliary feature; use deviation from CN, not signed AD evidence.",none_detected_in_this_audit,auxiliary predictor,no_stable_signed_prior,multivariate/bidirectional acoustic pattern,Do not assign high/low clinical meaning. Use as auxiliary multivariate channel only after cross-dataset stability checks.,do_not_make_signed_clinical_claim,include_auxiliary_only
S06,spectral_articulatory_pattern,voice_articulation_auxiliary,71,egemaps_mfcc3V_sma3nz_stddevNorm,egemaps_mfcc3V_sma3nz_stddevNorm,yes,223,acoustic,openSMILE/eGeMAPS acoustic feature extraction,频谱包络/MFCC；标准差/归一化波动：该声音属性的稳定性或变异程度。,openSMILE eGeMAPS 对帧级低层描述符提取统计函数；具体统计含义见“统计含义”列。,反映音色和声道谱形变化；解释性弱于 pause、voicing、loudness 和 F0。；AD优先级：低到中,不建议直接套固定阈值；用同任务/同语言 CN 分布校准。,ADReSS/ADReSSo; Martinc et al.; Rohanian et al.; MFCC/eGeMAPS/ComParE systems,bidirectional_deviation,0.0,Auxiliary acoustic pattern: abnormal deviation from CN may be predictive but is not AD-specific.,0.0,|z|(无方向),auxiliary,184,-2.3416593074798584,3.484480857849121,3.438296854496002,11.91988220214845,40.52894411087024,-0.4451460585646007,23,-1849.948683137479,39,-1091.8315990521355,AD_lower,0.5544565217391304,0.5294732441471572,0.0259819570833545,auxiliary_pattern,"Bidirectional auxiliary feature; use deviation from CN, not signed AD evidence.",none_detected_in_this_audit,auxiliary predictor,no_stable_signed_prior,multivariate/bidirectional acoustic pattern,Do not assign high/low clinical meaning. Use as auxiliary multivariate channel only after cross-dataset stability checks.,do_not_make_signed_clinical_claim,include_auxiliary_only
S06,spectral_articulatory_pattern,voice_articulation_auxiliary,72,egemaps_mfcc4V_sma3nz_amean,egemaps_mfcc4V_sma3nz_amean,yes,223,acoustic,openSMILE/eGeMAPS acoustic feature extraction,频谱包络/MFCC；均值：该声音属性在整段患者语音中的平均水平。,openSMILE eGeMAPS 对帧级低层描述符提取统计函数；具体统计含义见“统计含义”列。,反映音色和声道谱形变化；解释性弱于 pause、voicing、loudness 和 F0。；AD优先级：低到中,不建议直接套固定阈值；用同任务/同语言 CN 分布校准。,ADReSS/ADReSSo; Martinc et al.; Rohanian et al.; MFCC/eGeMAPS/ComParE systems,bidirectional_deviation,0.0,Auxiliary acoustic pattern: abnormal deviation from CN may be predictive but is not AD-specific.,0.0,|z|(无方向),auxiliary,184,-13.860101222991943,4.103111743927003,-9.340245246887209,-4.084464216232299,-1.8111953586340064,-13.154470611768572,23,-14.466990864795187,39,-14.544951756795248,AD_lower,0.3715217391304348,0.4352006688963211,0.3002669903006487,auxiliary_pattern,"Bidirectional auxiliary feature; use deviation from CN, not signed AD evidence.",high_interviewer_variance,auxiliary predictor,no_stable_signed_prior,multivariate/bidirectional acoustic pattern,Do not assign high/low clinical meaning. Use as auxiliary multivariate channel only after cross-dataset stability checks.,do_not_make_signed_clinical_claim,include_auxiliary_only
S06,spectral_articulatory_pattern,voice_articulation_auxiliary,73,egemaps_mfcc4V_sma3nz_stddevNorm,egemaps_mfcc4V_sma3nz_stddevNorm,yes,223,acoustic,openSMILE/eGeMAPS acoustic feature extraction,频谱包络/MFCC；标准差/归一化波动：该声音属性的稳定性或变异程度。,openSMILE eGeMAPS 对帧级低层描述符提取统计函数；具体统计含义见“统计含义”列。,反映音色和声道谱形变化；解释性弱于 pause、voicing、loudness 和 F0。；AD优先级：低到中,不建议直接套固定阈值；用同任务/同语言 CN 分布校准。,ADReSS/ADReSSo; Martinc et al.; Rohanian et al.; MFCC/eGeMAPS/ComParE systems,bidirectional_deviation,0.0,Auxiliary acoustic pattern: abnormal deviation from CN may be predictive but is not AD-specific.,0.0,|z|(无方向),auxiliary,184,-1.148268699645996,0.280385285615921,-0.9125113487243652,-0.7687648355960846,-0.6612881794571877,-1.3829559155780335,23,-1.200391455836918,39,-1.1998500396043827,AD_higher,0.3806521739130434,0.4666945373467112,0.0873819602940175,auxiliary_pattern,"Bidirectional auxiliary feature; use deviation from CN, not signed AD evidence.",none_detected_in_this_audit,auxiliary predictor,no_stable_signed_prior,multivariate/bidirectional acoustic pattern,Do not assign high/low clinical meaning. Use as auxiliary multivariate channel only after cross-dataset stability checks.,do_not_make_signed_clinical_claim,include_auxiliary_only
S06,spectral_articulatory_pattern,voice_articulation_auxiliary,74,egemaps_alphaRatioUV_sma3nz_amean,egemaps_alphaRatioUV_sma3nz_amean,yes,223,acoustic,openSMILE/eGeMAPS acoustic feature extraction,谱能量比例/alpha ratio；均值：该声音属性在整段患者语音中的平均水平。,openSMILE eGeMAPS 对帧级低层描述符提取统计函数；具体统计含义见“统计含义”列。,低频和高频能量比例，反映声音明亮度、发声方式和频谱倾斜。；AD优先级：低到中,不建议直接套固定阈值；用同任务/同语言 CN 分布校准。,ADReSS/ADReSSo; Martinc et al.; Rohanian et al.; MFCC/eGeMAPS/ComParE systems,bidirectional_deviation,0.0,Auxiliary acoustic pattern: abnormal deviation from CN may be predictive but is not AD-specific.,0.0,|z|(无方向),auxiliary,184,-8.423121929168701,0.8429253101348877,-7.47163724899292,-5.931691694259643,-5.251957988739014,-8.229639957780423,23,-9.6188325467317,39,-9.538541622650929,AD_lower,0.6573913043478261,0.6953734671125975,0.2547634984892853,auxiliary_pattern,"Bidirectional auxiliary feature; use deviation from CN, not signed AD evidence.",high_interviewer_variance,auxiliary predictor,no_stable_signed_prior,multivariate/bidirectional acoustic pattern,Do not assign high/low clinical meaning. Use as auxiliary multivariate channel only after cross-dataset stability checks.,do_not_make_signed_clinical_claim,include_auxiliary_only
S06,spectral_articulatory_pattern,voice_articulation_auxiliary,75,egemaps_hammarbergIndexUV_sma3nz_amean,egemaps_hammarbergIndexUV_sma3nz_amean,yes,223,acoustic,openSMILE/eGeMAPS acoustic feature extraction,谱能量比例/Hammarberg index；均值：该声音属性在整段患者语音中的平均水平。,openSMILE eGeMAPS 对帧级低层描述符提取统计函数；具体统计含义见“统计含义”列。,不同频段峰值能量差，反映声音明亮度和音色。；AD优先级：低到中,不建议直接套固定阈值；用同任务/同语言 CN 分布校准。,ADReSS/ADReSSo; Martinc et al.; Rohanian et al.; MFCC/eGeMAPS/ComParE systems,bidirectional_deviation,0.0,Auxiliary acoustic pattern: abnormal deviation from CN may be predictive but is not AD-specific.,0.0,|z|(无方向),auxiliary,184,16.435449600219727,1.1337494850158691,17.406754970550537,18.360997009277348,18.980684661865233,16.306804382282756,23,18.03621665291164,39,17.900698832976513,AD_higher,0.5989130434782609,0.6486900780379041,0.2273774746250239,auxiliary_pattern,"Bidirectional auxiliary feature; use deviation from CN, not signed AD evidence.",high_interviewer_variance,auxiliary predictor,no_stable_signed_prior,multivariate/bidirectional acoustic pattern,Do not assign high/low clinical meaning. Use as auxiliary multivariate channel only after cross-dataset stability checks.,do_not_make_signed_clinical_claim,include_auxiliary_only
S06,spectral_articulatory_pattern,voice_articulation_auxiliary,76,egemaps_slopeUV0-500_sma3nz_amean,egemaps_slopeUV0-500_sma3nz_amean,yes,223,acoustic,openSMILE/eGeMAPS acoustic feature extraction,低频谱斜率；均值：该声音属性在整段患者语音中的平均水平。,openSMILE eGeMAPS 对帧级低层描述符提取统计函数；具体统计含义见“统计含义”列。,0-500Hz 频段谱斜率，反映低频能量分布和发声方式。；AD优先级：高（当前 IAEAV 强差异）,不建议直接套固定阈值；用同任务/同语言 CN 分布校准。,ADReSS/ADReSSo; Martinc et al.; Rohanian et al.; MFCC/eGeMAPS/ComParE systems,bidirectional_deviation,0.0,Auxiliary acoustic pattern: abnormal deviation from CN may be predictive but is not AD-specific.,0.0,|z|(无方向),auxiliary,184,0.0213613454252481,0.0068628704175353,0.0278483405709265,0.0317987322807312,0.0361335966736078,0.0208449308302078,23,0.005513448759144,39,0.0049499885808939,AD_lower,0.7206521739130435,0.7816332218506131,0.3226074772959307,auxiliary_pattern,"Bidirectional auxiliary feature; use deviation from CN, not signed AD evidence.",high_interviewer_variance,auxiliary predictor,no_stable_signed_prior,multivariate/bidirectional acoustic pattern,Do not assign high/low clinical meaning. Use as auxiliary multivariate channel only after cross-dataset stability checks.,do_not_make_signed_clinical_claim,include_auxiliary_only
S06,spectral_articulatory_pattern,voice_articulation_auxiliary,77,egemaps_slopeUV500-1500_sma3nz_amean,egemaps_slopeUV500-1500_sma3nz_amean,yes,223,acoustic,openSMILE/eGeMAPS acoustic feature extraction,中频谱斜率；均值：该声音属性在整段患者语音中的平均水平。,openSMILE eGeMAPS 对帧级低层描述符提取统计函数；具体统计含义见“统计含义”列。,500-1500Hz 频段谱斜率，反映中频能量分布和音色。；AD优先级：低到中,不建议直接套固定阈值；用同任务/同语言 CN 分布校准。,ADReSS/ADReSSo; Martinc et al.; Rohanian et al.; MFCC/eGeMAPS/ComParE systems,bidirectional_deviation,0.0,Auxiliary acoustic pattern: abnormal deviation from CN may be predictive but is not AD-specific.,0.0,|z|(无方向),auxiliary,184,-0.0055616898462176,0.0033587466459721,-0.0022899271571077,0.0004454422451089,0.0024131638463585,-0.0057283409325621,23,-0.004562916811546,39,-0.0045244610058803,AD_higher,0.4304347826086956,0.3977146042363433,0.1266237726678581,auxiliary_pattern,"Bidirectional auxiliary feature; use deviation from CN, not signed AD evidence.",none_detected_in_this_audit,auxiliary predictor,no_stable_signed_prior,multivariate/bidirectional acoustic pattern,Do not assign high/low clinical meaning. Use as auxiliary multivariate channel only after cross-dataset stability checks.,do_not_make_signed_clinical_claim,include_auxiliary_only
S06,spectral_articulatory_pattern,voice_articulation_auxiliary,78,egemaps_spectralFluxUV_sma3nz_amean,egemaps_spectralFluxUV_sma3nz_amean,yes,223,acoustic,openSMILE/eGeMAPS acoustic feature extraction,频谱变化速度；均值：该声音属性在整段患者语音中的平均水平。,openSMILE eGeMAPS 对帧级低层描述符提取统计函数；具体统计含义见“统计含义”列。,反映相邻帧频谱变化程度；可捕捉发音转换、声音稳定性和语流动态。；AD优先级：中,不建议直接套固定阈值；用同任务/同语言 CN 分布校准。,ADReSS/ADReSSo; Martinc et al.; Rohanian et al.; MFCC/eGeMAPS/ComParE systems,bidirectional_deviation,0.0,Auxiliary acoustic pattern: abnormal deviation from CN may be predictive but is not AD-specific.,0.0,|z|(无方向),auxiliary,184,0.1301740333437919,0.0353880450129509,0.1736053116619587,0.2197145506739616,0.2726296678185462,0.1407691060322458,23,0.1428926444571951,39,0.146640447469858,AD_higher,0.3852173913043478,0.443561872909699,0.1665573101126332,auxiliary_pattern,"Bidirectional auxiliary feature; use deviation from CN, not signed AD evidence.",none_detected_in_this_audit,auxiliary predictor,no_stable_signed_prior,multivariate/bidirectional acoustic pattern,Do not assign high/low clinical meaning. Use as auxiliary multivariate channel only after cross-dataset stability checks.,do_not_make_signed_clinical_claim,include_auxiliary_only
S07,lexical_retrieval_specificity,lexical_semantic_language,1,noun_rate,s07_noun_ratio,yes,223,semantic / transcript,ASR transcript linguistic analysis,名词比例,名词数 / 总词数,具体物体命名减少可提示 lexical retrieval 受损。,不建议直接套固定阈值；用同任务/同语言 CN 分布校准。,ASHA Dementia; Fraser et al. 2016; connected speech reviews,lower_abnormal,-1.0,Prior states that lower values indicate greater abnormal burden.,-1.0,-1,support,184,0.1886792452830188,0.0172506738544473,0.2067106213872832,0.2275278826233788,0.2604481325371736,0.1908791013442221,23,0.1727327280316017,39,0.1766932679224043,AD_lower,0.706304347826087,0.6638099219620959,0.0264476197288255,supports_prior,Aligned AUC is clearly above chance in current IAEAV.,none_detected_in_this_audit,core evidence,stable_signed_prior_for_selected_metrics,lower specificity/content or higher vague/pronoun burden is more abnormal,"Keep as core evidence, but content_function_ratio conflict needs metric-definition review.",prior_acceptable_with_empirical_and_confound_checks,include_current_state_evaluation
S07,lexical_retrieval_specificity,lexical_semantic_language,2,pronoun_rate,s07_pronoun_ratio,yes,223,semantic / transcript,ASR transcript linguistic analysis,代词比例,代词数 / 总词数,代词过多可能表示具体命名不足。 | 2026-07: report pronoun use as an observed phenomenon; avoid asserting a single semantic-deficit mechanism.,不建议直接套固定阈值；用同任务/同语言 CN 分布校准。,ASHA Dementia; Fraser et al. 2016; connected speech reviews,higher_abnormal,1.0,Metric-specific prior: higher rate/burden supports abnormality.,1.0,+1,support,184,0.0837462537462537,0.022473631489804,0.1062025150641864,0.1290060468631897,0.1542734292734292,0.0845831132525153,23,0.1178462031267323,39,0.1175296034478678,AD_higher,0.7242391304347826,0.7394091415830546,0.1289055183414334,supports_prior,Aligned AUC is clearly above chance in current IAEAV.,none_detected_in_this_audit,core evidence,stable_signed_prior_for_selected_metrics,lower specificity/content or higher vague/pronoun burden is more abnormal,"Keep as core evidence, but content_function_ratio conflict needs metric-definition review.",prior_acceptable_with_empirical_and_confound_checks,include_current_state_evaluation
S07,lexical_retrieval_specificity,lexical_semantic_language,3,content_function_ratio,s07_content_ratio,yes,223,semantic / transcript,feature extraction / planned analysis,内容词/功能词比,content words / function words,内容词比例低提示信息和词汇具体性不足。,不建议直接套固定阈值；用同任务/同语言 CN 分布校准。,ASHA Dementia; Fraser et al. 2016; connected speech reviews,lower_abnormal,-1.0,"State-level prior: lower output, specificity, diversity, coherence, density or task performance is more abnormal.",-1.0,-1,support,184,0.3874400681095129,0.0303622890078221,0.4108702833651446,0.4359160839160839,0.4861473559347976,0.3842170501543206,23,0.4064086550842076,39,0.4076818565514079,AD_higher,0.3834782608695652,0.3565356744704571,0.1027396627877115,direction_conflict_or_confound,Aligned AUC is below chance; direction or dataset confound needs review.,direction_conflict,review before diagnostic use,stable_signed_prior_for_selected_metrics,lower specificity/content or higher vague/pronoun burden is more abnormal,"Keep as core evidence, but content_function_ratio conflict needs metric-definition review.",manual_review_required,exclude_pending_direction_review
S07,lexical_retrieval_specificity,lexical_semantic_language,4,word_frequency,,no,0,semantic / transcript,ASR transcript linguistic analysis,词频/常见词依赖,词汇平均频率或高频词比例,更依赖高频泛化词可提示词汇检索困难。,不建议直接套固定阈值；用同任务/同语言 CN 分布校准。,ASHA Dementia; Fraser et al. 2016; connected speech reviews,lower_abnormal,-1.0,"State-level prior: lower output, specificity, diversity, coherence, density or task performance is more abnormal.",,,,0,,,,,,,0,,0,,not_tested,,,,not_tested,No current IAEAV column matched this spec metric.,not_extracted_or_unmatched,specified but not currently extracted,stable_signed_prior_for_selected_metrics,lower specificity/content or higher vague/pronoun burden is more abnormal,"Keep as core evidence, but content_function_ratio conflict needs metric-definition review.",not_empirically_audited_yet,exclude_metric_not_available
S07,lexical_retrieval_specificity,lexical_semantic_language,5,vague_term_rate,,no,0,mixed / to verify,manual or assisted clinical task coding,模糊词比例,thing/stuff/这个/那个 等模糊词比例,模糊指代增加支持命名/检索问题。,不建议直接套固定阈值；用同任务/同语言 CN 分布校准。,ASHA Dementia; Fraser et al. 2016; connected speech reviews,higher_abnormal,1.0,Prior states that higher values indicate greater abnormal burden.,,,,0,,,,,,,0,,0,,not_tested,,,,not_tested,No current IAEAV column matched this spec metric.,not_extracted_or_unmatched,specified but not currently extracted,stable_signed_prior_for_selected_metrics,lower specificity/content or higher vague/pronoun burden is more abnormal,"Keep as core evidence, but content_function_ratio conflict needs metric-definition review.",not_empirically_audited_yet,exclude_metric_not_available
S08,lexical_diversity_richness,lexical_semantic_language,1,TTR,s08_ttr,yes,223,semantic / transcript,ASR transcript linguistic analysis,type-token ratio,unique words / total words,词汇多样性粗指标，强受长度影响。,不建议直接套固定阈值；用同任务/同语言 CN 分布校准。,Fraser et al. 2016; DementiaBank/Cookie Theft transcript studies,lower_abnormal,-1.0,"State-level prior: lower output, specificity, diversity, coherence, density or task performance is more abnormal.",-1.0,-1,support,184,0.61996336996337,0.0632557648618111,0.6794766252557003,0.7628663263376821,0.8210411051212938,0.6265436032713372,23,0.5852558016450776,39,0.5879834992902632,AD_lower,0.6207608695652174,0.606953734671126,0.1378747814388002,weak_support,Aligned AUC is above chance but weak.,none_detected_in_this_audit,core evidence,stable_signed_prior_but_length_sensitive,lower lexical diversity/richness is more abnormal,Keep MATTR/MTLD as core candidates; control for transcript length and ASR quality.,state_level_review,include_current_state_evaluation
S08,lexical_diversity_richness,lexical_semantic_language,2,MATTR,s08_mattr,yes,223,semantic / transcript,ASR transcript linguistic analysis,moving-average TTR,滑动窗口 TTR 平均,比 TTR 更稳的词汇多样性指标。 | 2026-07: MATTR/MTLD are two measures of one lexical-diversity construct; do not count as two independent evidence sources.,不建议直接套固定阈值；用同任务/同语言 CN 分布校准。,Fraser et al. 2016; DementiaBank/Cookie Theft transcript studies,lower_abnormal,-1.0,Prior states that lower values indicate greater abnormal burden.,-1.0,-1,support,184,0.8411632775119632,0.0241366040686977,0.8689246208233548,0.8982058426966296,0.926418526031102,0.8441681225382323,23,0.7991667794918279,39,0.7992819823149659,AD_lower,0.7778260869565218,0.7615663322185061,0.1748720925745981,supports_prior,Aligned AUC is clearly above chance in current IAEAV.,none_detected_in_this_audit,core evidence,stable_signed_prior_but_length_sensitive,lower lexical diversity/richness is more abnormal,Keep MATTR/MTLD as core candidates; control for transcript length and ASR quality.,state_level_review,include_current_state_evaluation
S08,lexical_diversity_richness,lexical_semantic_language,3,MTLD,s08_mtld,yes,223,semantic / transcript,ASR transcript linguistic analysis,measure of textual lexical diversity,达到 TTR 阈值所需文本长度的统计,适合较长文本的多样性估计。 | 2026-07: MATTR/MTLD are two measures of one lexical-diversity construct; do not count as two independent evidence sources.,不建议直接套固定阈值；用同任务/同语言 CN 分布校准。,Fraser et al. 2016; DementiaBank/Cookie Theft transcript studies,lower_abnormal,-1.0,Prior states that lower values indicate greater abnormal burden.,-1.0,-1,support,184,65.9625641501733,13.642152103559866,82.51326348008314,117.2829411764706,147.97794117647058,73.16196206855183,23,49.20045094225602,39,49.86012400418197,AD_lower,0.7560869565217392,0.7654682274247492,0.1055109658078036,supports_prior,Aligned AUC is clearly above chance in current IAEAV.,none_detected_in_this_audit,core evidence,stable_signed_prior_but_length_sensitive,lower lexical diversity/richness is more abnormal,Keep MATTR/MTLD as core candidates; control for transcript length and ASR quality.,state_level_review,include_current_state_evaluation
S08,lexical_diversity_richness,lexical_semantic_language,4,n_unique_words,,no,0,semantic / transcript,ASR transcript linguistic analysis,不同词数量,unique token count,输出词汇范围，需按长度校正。,不建议直接套固定阈值；用同任务/同语言 CN 分布校准。,Fraser et al. 2016; DementiaBank/Cookie Theft transcript studies,lower_abnormal,-1.0,"State-level prior: lower output, specificity, diversity, coherence, density or task performance is more abnormal.",,,,0,,,,,,,0,,0,,not_tested,,,,not_tested,No current IAEAV column matched this spec metric.,not_extracted_or_unmatched,specified but not currently extracted,stable_signed_prior_but_length_sensitive,lower lexical diversity/richness is more abnormal,Keep MATTR/MTLD as core candidates; control for transcript length and ASR quality.,not_empirically_audited_yet,exclude_metric_not_available
S08,lexical_diversity_richness,lexical_semantic_language,5,lexical_density,,no,0,semantic / transcript,feature extraction / planned analysis,词汇密度,内容词 / 总词数,语言信息承载密度。,不建议直接套固定阈值；用同任务/同语言 CN 分布校准。,Fraser et al. 2016; DementiaBank/Cookie Theft transcript studies,lower_abnormal,-1.0,"State-level prior: lower output, specificity, diversity, coherence, density or task performance is more abnormal.",,,,0,,,,,,,0,,0,,not_tested,,,,not_tested,No current IAEAV column matched this spec metric.,not_extracted_or_unmatched,specified but not currently extracted,stable_signed_prior_but_length_sensitive,lower lexical diversity/richness is more abnormal,Keep MATTR/MTLD as core candidates; control for transcript length and ASR quality.,not_empirically_audited_yet,exclude_metric_not_available
S09,semantic_coherence_discourse,lexical_semantic_language,1,semantic_coherence_tfidf,s09_coherence_jaccard,yes,223,semantic / transcript,feature extraction / planned analysis,TF-IDF 语义连贯,相邻句/segment TF-IDF cosine similarity,连贯度低提示话题漂移或语义组织差。 | 2026-07: current word-overlap/Jaccard proxy is not valid semantic coherence evidence; recompute with independent vector/task measures.,不建议直接套固定阈值；用同任务/同语言 CN 分布校准。,Fraser et al. 2016; semantic embedding/graph AD speech studies,lower_abnormal,-1.0,Prior states that lower values indicate greater abnormal burden.,0.0,-1,blocked_recompute_required,184,0.0251984126984126,0.0194805194805195,0.0428542472020732,0.0637612413386407,0.1112183612183611,0.0292737324334623,23,0.0494921263966622,39,0.0490826463206444,AD_higher,0.3839130434782609,0.3903288740245262,0.0495423616374418,direction_conflict_or_confound,Aligned AUC is below chance; direction or dataset confound needs review.,invalid_word_overlap_proxy,review before diagnostic use,stable_construct_but_metric_needs_review,lower coherence/relevance is more abnormal; topic-drift burden would be higher abnormal,Current s09_coherence_jaccard direction conflicts with prior. Do not use this metric as evidence until the definition is fixed.,manual_review_required,exclude_pending_direction_review
S09,semantic_coherence_discourse,lexical_semantic_language,2,embedding_coherence,s09_coherence_jaccard,yes,223,semantic / transcript,feature extraction / planned analysis,embedding 连贯,相邻 utterance embedding cosine similarity,捕捉上下文语义关系。 | 2026-07: current word-overlap/Jaccard proxy is not valid semantic coherence evidence; recompute with independent vector/task measures.,不建议直接套固定阈值；用同任务/同语言 CN 分布校准。,Fraser et al. 2016; semantic embedding/graph AD speech studies,lower_abnormal,-1.0,"State-level prior: lower output, specificity, diversity, coherence, density or task performance is more abnormal.",0.0,-1,blocked_recompute_required,184,0.0251984126984126,0.0194805194805195,0.0428542472020732,0.0637612413386407,0.1112183612183611,0.0292737324334623,23,0.0494921263966622,39,0.0490826463206444,AD_higher,0.3839130434782609,0.3903288740245262,0.0495423616374418,direction_conflict_or_confound,Aligned AUC is below chance; direction or dataset confound needs review.,invalid_word_overlap_proxy,review before diagnostic use,stable_construct_but_metric_needs_review,lower coherence/relevance is more abnormal; topic-drift burden would be higher abnormal,Current s09_coherence_jaccard direction conflicts with prior. Do not use this metric as evidence until the definition is fixed.,manual_review_required,exclude_pending_direction_review
S09,semantic_coherence_discourse,lexical_semantic_language,3,topic_drift,s09_coherence_jaccard,yes,223,semantic / transcript,feature extraction / planned analysis,话题漂移,与任务主题或前文中心的距离变化,偏题或漂移支持 discourse impairment。 | 2026-07: current word-overlap/Jaccard proxy is not valid semantic coherence evidence; recompute with independent vector/task measures.,不建议直接套固定阈值；用同任务/同语言 CN 分布校准。,Fraser et al. 2016; semantic embedding/graph AD speech studies,lower_abnormal,-1.0,"State-level prior: lower output, specificity, diversity, coherence, density or task performance is more abnormal.",0.0,-1,blocked_recompute_required,184,0.0251984126984126,0.0194805194805195,0.0428542472020732,0.0637612413386407,0.1112183612183611,0.0292737324334623,23,0.0494921263966622,39,0.0490826463206444,AD_higher,0.3839130434782609,0.3903288740245262,0.0495423616374418,direction_conflict_or_confound,Aligned AUC is below chance; direction or dataset confound needs review.,invalid_word_overlap_proxy,review before diagnostic use,stable_construct_but_metric_needs_review,lower coherence/relevance is more abnormal; topic-drift burden would be higher abnormal,Current s09_coherence_jaccard direction conflicts with prior. Do not use this metric as evidence until the definition is fixed.,manual_review_required,exclude_pending_direction_review
S09,semantic_coherence_discourse,lexical_semantic_language,4,task_relevance,s09_coherence_jaccard,yes,223,semantic / transcript,manual or assisted clinical task coding,任务相关性,内容与图片/故事目标元素的匹配,区分流畅但不相关的语言。 | 2026-07: current word-overlap/Jaccard proxy is not valid semantic coherence evidence; recompute with independent vector/task measures.,不建议直接套固定阈值；用同任务/同语言 CN 分布校准。,Fraser et al. 2016; semantic embedding/graph AD speech studies,lower_abnormal,-1.0,"State-level prior: lower output, specificity, diversity, coherence, density or task performance is more abnormal.",0.0,-1,blocked_recompute_required,184,0.0251984126984126,0.0194805194805195,0.0428542472020732,0.0637612413386407,0.1112183612183611,0.0292737324334623,23,0.0494921263966622,39,0.0490826463206444,AD_higher,0.3839130434782609,0.3903288740245262,0.0495423616374418,direction_conflict_or_confound,Aligned AUC is below chance; direction or dataset confound needs review.,invalid_word_overlap_proxy,review before diagnostic use,stable_construct_but_metric_needs_review,lower coherence/relevance is more abnormal; topic-drift burden would be higher abnormal,Current s09_coherence_jaccard direction conflicts with prior. Do not use this metric as evidence until the definition is fixed.,manual_review_required,exclude_pending_direction_review
S10,information_density_content_units,lexical_semantic_language,1,content_information_units,,no,0,mixed / to verify,manual or assisted clinical task coding,内容信息单位,统计正确、相关、信息性的单位,AD connected speech 核心指标，临床解释强。,不建议直接套固定阈值；用同任务/同语言 CN 分布校准。,Cookie Theft/DementiaBank; Mueller et al. 2018; connected speech reviews,lower_abnormal,-1.0,"State-level prior: lower output, specificity, diversity, coherence, density or task performance is more abnormal.",,,,0,,,,,,,0,,0,,not_tested,,,,not_tested,No current IAEAV column matched this spec metric.,not_extracted_or_unmatched,specified but not currently extracted,stable_signed_prior_not_extracted,lower idea density / content units / information units is more abnormal,High priority extraction gap. This is clinically important and currently missing.,not_empirically_audited_yet,exclude_current_not_implemented
S10,information_density_content_units,lexical_semantic_language,2,idea_density,,no,0,semantic / transcript,feature extraction / planned analysis,命题/观点密度,propositions / words,每词信息量，低值支持信息贫乏。,不建议直接套固定阈值；用同任务/同语言 CN 分布校准。,Cookie Theft/DementiaBank; Mueller et al. 2018; connected speech reviews,lower_abnormal,-1.0,"State-level prior: lower output, specificity, diversity, coherence, density or task performance is more abnormal.",,,,0,,,,,,,0,,0,,not_tested,,,,not_tested,No current IAEAV column matched this spec metric.,not_extracted_or_unmatched,specified but not currently extracted,stable_signed_prior_not_extracted,lower idea density / content units / information units is more abnormal,High priority extraction gap. This is clinically important and currently missing.,not_empirically_audited_yet,exclude_current_not_implemented
S10,information_density_content_units,lexical_semantic_language,3,core_lexicon_count,,no,0,task / clinical assessment,manual or assisted clinical task coding,核心词汇覆盖,任务目标词出现数量,图片描述等任务的内容覆盖。,不建议直接套固定阈值；用同任务/同语言 CN 分布校准。,Cookie Theft/DementiaBank; Mueller et al. 2018; connected speech reviews,lower_abnormal,-1.0,"State-level prior: lower output, specificity, diversity, coherence, density or task performance is more abnormal.",,,,0,,,,,,,0,,0,,not_tested,,,,not_tested,No current IAEAV column matched this spec metric.,not_extracted_or_unmatched,specified but not currently extracted,stable_signed_prior_not_extracted,lower idea density / content units / information units is more abnormal,High priority extraction gap. This is clinically important and currently missing.,not_empirically_audited_yet,exclude_current_not_implemented
S10,information_density_content_units,lexical_semantic_language,4,information_units_per_min,,no,0,task / clinical assessment,manual or assisted clinical task coding,单位时间信息量,content units / minute,输出效率和内容质量结合。,不建议直接套固定阈值；用同任务/同语言 CN 分布校准。,Cookie Theft/DementiaBank; Mueller et al. 2018; connected speech reviews,lower_abnormal,-1.0,"State-level prior: lower output, specificity, diversity, coherence, density or task performance is more abnormal.",,,,0,,,,,,,0,,0,,not_tested,,,,not_tested,No current IAEAV column matched this spec metric.,not_extracted_or_unmatched,specified but not currently extracted,stable_signed_prior_not_extracted,lower idea density / content units / information units is more abnormal,High priority extraction gap. This is clinically important and currently missing.,not_empirically_audited_yet,exclude_current_not_implemented
S11,syntactic_morphosyntactic_complexity,syntax_discourse_pragmatic,1,mean_length_utterance,s11_mlu,yes,223,semantic / transcript,ASR transcript linguistic analysis,平均话语长度,每个 utterance 的平均词/字数,句子短可提示复杂表达减少。 | 2026-07: syntax evidence should be weighted dependency_length > MLU > clause_per_utterance and remains parser/task sensitive.,不建议直接套固定阈值；用同任务/同语言 CN 分布校准。,Fraser et al. 2016; connected speech syntax reviews; cross-linguistic AD studies,lower_abnormal,-1.0,Prior states that lower values indicate greater abnormal burden.,-1.0,-1,support,184,18.708333333333336,5.952380952380952,27.833333333333332,115.80000000000008,234.27499999999927,41.17350364014373,23,19.072598100472447,39,23.91224166609759,AD_lower,0.7959782608695652,0.7166945373467113,0.0339502154364971,supports_prior,Aligned AUC is clearly above chance in current IAEAV.,none_detected_in_this_audit,support evidence,moderate_signed_prior_language_sensitive,lower syntactic complexity is often more abnormal; grammar-error burden higher abnormal,Use as support evidence; require parser/ASR reliability and language-specific validation.,state_level_review,include_current_state_evaluation
S11,syntactic_morphosyntactic_complexity,syntax_discourse_pragmatic,2,clause_per_utterance,s11_subordination,yes,223,semantic / transcript,syntactic parsing / linguistic analysis,从句/话语比例,clause count / utterance,句法复杂度。 | 2026-07: syntax evidence should be weighted dependency_length > MLU > clause_per_utterance and remains parser/task sensitive.,不建议直接套固定阈值；用同任务/同语言 CN 分布校准。,Fraser et al. 2016; connected speech syntax reviews; cross-linguistic AD studies,lower_abnormal,-1.0,"State-level prior: lower output, specificity, diversity, coherence, density or task performance is more abnormal.",-1.0,-1,support,184,2.1547619047619047,0.9134615384615384,3.7232142857142856,16.0,40.849999999999966,5.8572037159230215,23,2.7048130105562818,39,3.165075168170403,AD_lower,0.7217391304347827,0.6524526198439242,0.049079425227822,supports_prior,Aligned AUC is clearly above chance in current IAEAV.,none_detected_in_this_audit,support evidence,moderate_signed_prior_language_sensitive,lower syntactic complexity is often more abnormal; grammar-error burden higher abnormal,Use as support evidence; require parser/ASR reliability and language-specific validation.,state_level_review,include_current_state_evaluation
S11,syntactic_morphosyntactic_complexity,syntax_discourse_pragmatic,3,dependency_length,s11_dep_distance,yes,223,semantic / transcript,syntactic parsing / linguistic analysis,依存距离,句法依存边平均距离,复杂结构减少可能表现为依存距离短。 | 2026-07: syntax evidence should be weighted dependency_length > MLU > clause_per_utterance and remains parser/task sensitive.,不建议直接套固定阈值；用同任务/同语言 CN 分布校准。,Fraser et al. 2016; connected speech syntax reviews; cross-linguistic AD studies,lower_abnormal,-1.0,Prior states that lower values indicate greater abnormal burden.,-1.0,-1,support,184,5.600791596136613,1.0899550015248782,6.7338400083004775,9.120022136137246,10.994236760124595,6.0221164256120066,23,3.7321424214639616,39,4.165103613067423,AD_lower,0.8445652173913043,0.7937569676700111,0.1206598036961929,supports_prior,Aligned AUC is clearly above chance in current IAEAV.,none_detected_in_this_audit,support evidence,moderate_signed_prior_language_sensitive,lower syntactic complexity is often more abnormal; grammar-error burden higher abnormal,Use as support evidence; require parser/ASR reliability and language-specific validation.,state_level_review,include_current_state_evaluation
S11,syntactic_morphosyntactic_complexity,syntax_discourse_pragmatic,4,parse_tree_depth,,no,0,semantic / transcript,syntactic parsing / linguistic analysis,句法树深度,句法树最大/平均深度,复杂句法结构指标。,不建议直接套固定阈值；用同任务/同语言 CN 分布校准。,Fraser et al. 2016; connected speech syntax reviews; cross-linguistic AD studies,lower_abnormal,-1.0,"State-level prior: lower output, specificity, diversity, coherence, density or task performance is more abnormal.",,,,0,,,,,,,0,,0,,not_tested,,,,not_tested,No current IAEAV column matched this spec metric.,not_extracted_or_unmatched,specified but not currently extracted,moderate_signed_prior_language_sensitive,lower syntactic complexity is often more abnormal; grammar-error burden higher abnormal,Use as support evidence; require parser/ASR reliability and language-specific validation.,not_empirically_audited_yet,exclude_metric_not_available
S11,syntactic_morphosyntactic_complexity,syntax_discourse_pragmatic,5,grammar_error_rate,,no,0,semantic / transcript,manual or assisted clinical task coding,语法错误率,错误数 / utterance or words,语言系统异常，但语言工具和教育影响大。,不建议直接套固定阈值；用同任务/同语言 CN 分布校准。,Fraser et al. 2016; connected speech syntax reviews; cross-linguistic AD studies,lower_abnormal,-1.0,"State-level prior: lower output, specificity, diversity, coherence, density or task performance is more abnormal.",,,,0,,,,,,,0,,0,,not_tested,,,,not_tested,No current IAEAV column matched this spec metric.,not_extracted_or_unmatched,specified but not currently extracted,moderate_signed_prior_language_sensitive,lower syntactic complexity is often more abnormal; grammar-error burden higher abnormal,Use as support evidence; require parser/ASR reliability and language-specific validation.,not_empirically_audited_yet,exclude_metric_not_available
S12,disfluency_repetition_repair,acoustic_fluency_output,1,repeat_token_rate,s12_repetition_rate,yes,223,semantic / transcript,ASR transcript linguistic analysis,重复词比例,重复 token 数 / 总 token,重复可提示检索/计划负担。,不建议直接套固定阈值；用同任务/同语言 CN 分布校准。,Rohanian et al. 2021; Nasreen et al. 2021; disfluency coding studies,higher_abnormal,1.0,Prior states that higher values indicate greater abnormal burden.,1.0,+1,support,184,0.0,0.0,0.0069206655413551,0.0139965694682675,0.0218719903691813,0.0042332922433046,23,0.0095184853848011,39,0.0107532369232733,AD_higher,0.6603260869565217,0.6523829431438127,0.0874437756901712,supports_prior,Aligned AUC is clearly above chance in current IAEAV.,none_detected_in_this_audit,core evidence,stable_signed_prior_but_asr_sensitive,higher filler/repetition/repair burden is more abnormal,"Keep as core/support evidence after extracting repeat_bigram, repair and false-start metrics; ASR quality must gate this state.",prior_acceptable_with_empirical_and_confound_checks,include_current_state_evaluation
S12,disfluency_repetition_repair,acoustic_fluency_output,2,repeat_bigram_rate,,no,0,semantic / transcript,ASR transcript linguistic analysis,重复二元组比例,重复 bigram 数 / bigram 总数,短语级重复。,不建议直接套固定阈值；用同任务/同语言 CN 分布校准。,Rohanian et al. 2021; Nasreen et al. 2021; disfluency coding studies,higher_abnormal,1.0,Prior states that higher values indicate greater abnormal burden.,,,,0,,,,,,,0,,0,,not_tested,,,,not_tested,No current IAEAV column matched this spec metric.,not_extracted_or_unmatched,specified but not currently extracted,stable_signed_prior_but_asr_sensitive,higher filler/repetition/repair burden is more abnormal,"Keep as core/support evidence after extracting repeat_bigram, repair and false-start metrics; ASR quality must gate this state.",not_empirically_audited_yet,exclude_metric_not_available
S12,disfluency_repetition_repair,acoustic_fluency_output,3,revision_rate,,no,0,semantic / transcript,ASR transcript linguistic analysis,修正比例,修正/重启次数 / words or minute,语句计划困难。,不建议直接套固定阈值；用同任务/同语言 CN 分布校准。,Rohanian et al. 2021; Nasreen et al. 2021; disfluency coding studies,higher_abnormal,1.0,State-level prior: higher pause/disfluency/interactional burden is more abnormal.,,,,0,,,,,,,0,,0,,not_tested,,,,not_tested,No current IAEAV column matched this spec metric.,not_extracted_or_unmatched,specified but not currently extracted,stable_signed_prior_but_asr_sensitive,higher filler/repetition/repair burden is more abnormal,"Keep as core/support evidence after extracting repeat_bigram, repair and false-start metrics; ASR quality must gate this state.",not_empirically_audited_yet,exclude_metric_not_available
S12,disfluency_repetition_repair,acoustic_fluency_output,4,false_start_count,,no,0,semantic / transcript,ASR transcript linguistic analysis,起始失败次数,未完成开头/重启次数,语流非流利。,不建议直接套固定阈值；用同任务/同语言 CN 分布校准。,Rohanian et al. 2021; Nasreen et al. 2021; disfluency coding studies,higher_abnormal,1.0,State-level prior: higher pause/disfluency/interactional burden is more abnormal.,,,,0,,,,,,,0,,0,,not_tested,,,,not_tested,No current IAEAV column matched this spec metric.,not_extracted_or_unmatched,specified but not currently extracted,stable_signed_prior_but_asr_sensitive,higher filler/repetition/repair burden is more abnormal,"Keep as core/support evidence after extracting repeat_bigram, repair and false-start metrics; ASR quality must gate this state.",not_empirically_audited_yet,exclude_metric_not_available
S13,interactional_pragmatic_burden,syntax_discourse_pragmatic,1,response_latency,mean_response_latency_sec; median_response_latency_sec,yes,222,dialogue timing,feature extraction / planned analysis,回答延迟,prompt end 到 patient speech onset,理解/处理/启动负担。,不建议直接套固定阈值；用同任务/同语言 CN 分布校准。,Nasreen et al. 2021; dialogue timing/interactional feature studies; ASHA Dementia,higher_abnormal,1.0,Prior states that higher values indicate greater abnormal burden.,,,,183,0.0,0.0,0.0,0.1366268833333338,0.5535752607142828,0.0625367943223371,23,0.2806829100269313,39,0.3046429502967127,AD_higher,0.5529823028184401,0.5432254448647891,0.146121761553525,weak_support,Aligned AUC is above chance but weak.,none_detected_in_this_audit,support evidence,construct_valid_but_interviewer_sensitive,"higher dependence on prompts, latency or clarification burden is more abnormal",Use mainly for next-action planning and conflict checks; avoid as standalone diagnostic evidence without interviewer control.,state_level_review,include_current_state_evaluation
S13,interactional_pragmatic_burden,syntax_discourse_pragmatic,2,prompt_count,,no,0,semantic / transcript,ASR transcript linguistic analysis,提示次数,examiner prompts count,提示依赖增加支持互动负担。,不建议直接套固定阈值；用同任务/同语言 CN 分布校准。,Nasreen et al. 2021; dialogue timing/interactional feature studies; ASHA Dementia,higher_abnormal,1.0,Prior states that higher values indicate greater abnormal burden.,,,,0,,,,,,,0,,0,,not_tested,,,,not_tested,No current IAEAV column matched this spec metric.,not_extracted_or_unmatched,specified but not currently extracted,construct_valid_but_interviewer_sensitive,"higher dependence on prompts, latency or clarification burden is more abnormal",Use mainly for next-action planning and conflict checks; avoid as standalone diagnostic evidence without interviewer control.,not_empirically_audited_yet,exclude_metric_not_available
S13,interactional_pragmatic_burden,syntax_discourse_pragmatic,3,patient_speech_ratio,patient_speech_ratio,yes,223,dialogue timing,feature extraction / planned analysis,患者说话占比,patient speech time / total speech time,患者主导输出减少。,不建议直接套固定阈值；用同任务/同语言 CN 分布校准。,Nasreen et al. 2021; dialogue timing/interactional feature studies; ASHA Dementia,lower_abnormal,-1.0,Prior states that lower values indicate greater abnormal burden.,1.0,+1,core,184,0.6547801711005787,0.0338795756695085,0.6827413245489646,0.7103669463071708,0.7514137816777468,0.6510290445951622,23,0.6856574531769511,39,0.6928994608974716,AD_higher,0.6828260869565217,0.7243589743589743,0.1228518710309271,supports_prior,Aligned AUC is clearly above chance in current IAEAV.,none_detected_in_this_audit,support evidence,construct_valid_but_interviewer_sensitive,"higher dependence on prompts, latency or clarification burden is more abnormal",Use mainly for next-action planning and conflict checks; avoid as standalone diagnostic evidence without interviewer control.,state_level_review,include_current_state_evaluation
S13,interactional_pragmatic_burden,syntax_discourse_pragmatic,4,interviewer_word_ratio,,no,0,semantic / transcript,ASR transcript linguistic analysis,访谈者词占比,interviewer words / total words,访谈者介入多可能影响患者语言样本。,不建议直接套固定阈值；用同任务/同语言 CN 分布校准。,Nasreen et al. 2021; dialogue timing/interactional feature studies; ASHA Dementia,higher_abnormal,1.0,State-level prior: higher pause/disfluency/interactional burden is more abnormal.,,,,0,,,,,,,0,,0,,not_tested,,,,not_tested,No current IAEAV column matched this spec metric.,not_extracted_or_unmatched,specified but not currently extracted,construct_valid_but_interviewer_sensitive,"higher dependence on prompts, latency or clarification burden is more abnormal",Use mainly for next-action planning and conflict checks; avoid as standalone diagnostic evidence without interviewer control.,not_empirically_audited_yet,exclude_metric_not_available
S13,interactional_pragmatic_burden,syntax_discourse_pragmatic,5,clarification_request_count,,no,0,dialogue timing,manual or assisted clinical task coding,澄清请求次数,要求重复/解释的次数,听力、理解或互动困难。,不建议直接套固定阈值；用同任务/同语言 CN 分布校准。,Nasreen et al. 2021; dialogue timing/interactional feature studies; ASHA Dementia,higher_abnormal,1.0,State-level prior: higher pause/disfluency/interactional burden is more abnormal.,,,,0,,,,,,,0,,0,,not_tested,,,,not_tested,No current IAEAV column matched this spec metric.,not_extracted_or_unmatched,specified but not currently extracted,construct_valid_but_interviewer_sensitive,"higher dependence on prompts, latency or clarification burden is more abnormal",Use mainly for next-action planning and conflict checks; avoid as standalone diagnostic evidence without interviewer control.,not_empirically_audited_yet,exclude_metric_not_available
S14,task_performance_memory_language,task_performance,1,task_completion,,no,0,task / clinical assessment,manual or assisted clinical task coding,任务完成度,是否完成指定任务及完成比例,解释所有状态的前提。,不建议直接套固定阈值；用同任务/同语言 CN 分布校准。,ASHA Dementia; Cookie Theft; story recall/naming/semantic fluency assessment,lower_abnormal,-1.0,"State-level prior: lower output, specificity, diversity, coherence, density or task performance is more abnormal.",,,,0,,,,,,,0,,0,,not_tested,,,,not_tested,No current IAEAV column matched this spec metric.,not_extracted_or_unmatched,specified but not currently extracted,stable_signed_prior_not_extracted,"lower task completion, story recall, naming or semantic fluency is more abnormal; reading error rate higher abnormal",High priority extraction gap. This state is central for the agent next-test SOP.,not_empirically_audited_yet,exclude_current_not_implemented
S14,task_performance_memory_language,task_performance,2,story_recall_units,,no,0,task / clinical assessment,manual or assisted clinical task coding,故事回忆单位,正确回忆信息单位数,记忆-语言结合任务表现。,不建议直接套固定阈值；用同任务/同语言 CN 分布校准。,ASHA Dementia; Cookie Theft; story recall/naming/semantic fluency assessment,lower_abnormal,-1.0,"State-level prior: lower output, specificity, diversity, coherence, density or task performance is more abnormal.",,,,0,,,,,,,0,,0,,not_tested,,,,not_tested,No current IAEAV column matched this spec metric.,not_extracted_or_unmatched,specified but not currently extracted,stable_signed_prior_not_extracted,"lower task completion, story recall, naming or semantic fluency is more abnormal; reading error rate higher abnormal",High priority extraction gap. This state is central for the agent next-test SOP.,not_empirically_audited_yet,exclude_current_not_implemented
S14,task_performance_memory_language,task_performance,3,naming_correct,,no,0,task / clinical assessment,manual or assisted clinical task coding,命名正确数,正确命名项目数量,词汇检索/语义记忆任务。,不建议直接套固定阈值；用同任务/同语言 CN 分布校准。,ASHA Dementia; Cookie Theft; story recall/naming/semantic fluency assessment,lower_abnormal,-1.0,"State-level prior: lower output, specificity, diversity, coherence, density or task performance is more abnormal.",,,,0,,,,,,,0,,0,,not_tested,,,,not_tested,No current IAEAV column matched this spec metric.,not_extracted_or_unmatched,specified but not currently extracted,stable_signed_prior_not_extracted,"lower task completion, story recall, naming or semantic fluency is more abnormal; reading error rate higher abnormal",High priority extraction gap. This state is central for the agent next-test SOP.,not_empirically_audited_yet,exclude_current_not_implemented
S14,task_performance_memory_language,task_performance,4,semantic_fluency_count,,no,0,semantic / transcript,manual or assisted clinical task coding,语义流畅性数量,限定时间内正确类别词数,执行/语义检索能力。,不建议直接套固定阈值；用同任务/同语言 CN 分布校准。,ASHA Dementia; Cookie Theft; story recall/naming/semantic fluency assessment,lower_abnormal,-1.0,"State-level prior: lower output, specificity, diversity, coherence, density or task performance is more abnormal.",,,,0,,,,,,,0,,0,,not_tested,,,,not_tested,No current IAEAV column matched this spec metric.,not_extracted_or_unmatched,specified but not currently extracted,stable_signed_prior_not_extracted,"lower task completion, story recall, naming or semantic fluency is more abnormal; reading error rate higher abnormal",High priority extraction gap. This state is central for the agent next-test SOP.,not_empirically_audited_yet,exclude_current_not_implemented
S14,task_performance_memory_language,task_performance,5,reading_error_rate,,no,0,task / clinical assessment,manual or assisted clinical task coding,阅读错误率,阅读错误 / 总词数,区分自发语言和读句表现。,不建议直接套固定阈值；用同任务/同语言 CN 分布校准。,ASHA Dementia; Cookie Theft; story recall/naming/semantic fluency assessment,lower_abnormal,-1.0,"State-level prior: lower output, specificity, diversity, coherence, density or task performance is more abnormal.",,,,0,,,,,,,0,,0,,not_tested,,,,not_tested,No current IAEAV column matched this spec metric.,not_extracted_or_unmatched,specified but not currently extracted,stable_signed_prior_not_extracted,"lower task completion, story recall, naming or semantic fluency is more abnormal; reading error rate higher abnormal",High priority extraction gap. This state is central for the agent next-test SOP.,not_empirically_audited_yet,exclude_current_not_implemented
