uid,task,valid,source_file
aaop,Voice Assistant,Yes,our_preprocessed_train.csv
aazd,Picture Description,Yes,our_preprocessed_test.csv
abgk,Picture Description,Yes,our_preprocessed_validation.csv
ablf,Picture Description,Yes,our_preprocessed_train.csv
acad,Sentence Reading,Yes,our_preprocessed_train.csv
acdn,Picture Description,Yes,our_preprocessed_test.csv
acis,Sentence Reading,Yes,our_preprocessed_train.csv
acqd,Picture Description,No,our_preprocessed_train.csv
acwh,Sentence Reading,Yes,our_preprocessed_validation.csv
adoi,Picture Description,Yes,our_preprocessed_test.csv
adtx,Semantic Verbal Fluency,Yes,our_preprocessed_validation.csv
afop,Picture Description,Yes,our_preprocessed_train.csv
afpc,Picture Description,Yes,our_preprocessed_train.csv
afrv,Picture Description,Yes,our_preprocessed_train.csv
afvm,Picture Description,Yes,our_preprocessed_train.csv
agiy,Picture Description,Yes,our_preprocessed_test.csv
agni,Picture Description,Yes,our_preprocessed_test.csv
agok,Picture Description,Yes,our_preprocessed_validation.csv
agon,Picture Description,Yes,our_preprocessed_test.csv
ahmw,Picture Description,Yes,our_preprocessed_train.csv
ahyz,Picture Description,Yes,our_preprocessed_train.csv
aijc,Picture Description,Yes,our_preprocessed_train.csv
aikf,Picture Description,Yes,our_preprocessed_train.csv
aikh,Picture Description,Yes,our_preprocessed_test.csv
ajdc,Picture Description,Yes,our_preprocessed_train.csv
ajef,Picture Description,Yes,our_preprocessed_test.csv
ajmu,Sentence Reading,Yes,our_preprocessed_train.csv
ajxm,Semantic Verbal Fluency,Yes,our_preprocessed_test.csv
akni,Picture Description,Yes,our_preprocessed_train.csv
akqh,Picture Description,Yes,our_preprocessed_train.csv
allm,Picture Description,Yes,our_preprocessed_train.csv
alov,Picture Description,Yes,our_preprocessed_train.csv
alrq,Picture Description,Yes,our_preprocessed_train.csv
also,Picture Description,Yes,our_preprocessed_train.csv
aluc,Picture Description,Yes,our_preprocessed_train.csv
alyi,Picture Description,Yes,our_preprocessed_train.csv
amdz,Picture Description,Yes,our_preprocessed_test.csv
amhc,Personal Narrative,Yes,our_preprocessed_test.csv
amhy,Picture Description,Yes,our_preprocessed_train.csv
ammk,Picture Description,Yes,our_preprocessed_test.csv
amsn,Voice Assistant,Yes,our_preprocessed_train.csv
anek,Other,Yes,our_preprocessed_train.csv
anlg,Picture Description,Yes,our_preprocessed_validation.csv
anpg,Picture Description,Yes,our_preprocessed_validation.csv
ansa,Picture Description,Yes,our_preprocessed_train.csv
aohw,Picture Description,Yes,our_preprocessed_train.csv
aooz,Voice Assistant,Yes,our_preprocessed_train.csv
aowd,Picture Description,Yes,our_preprocessed_validation.csv
apez,Picture Description,Yes,our_preprocessed_train.csv
apns,Picture Description,Yes,our_preprocessed_train.csv
apps,Picture Description,Yes,our_preprocessed_validation.csv
apyc,Picture Description,Yes,our_preprocessed_train.csv
arri,Sentence Reading,Yes,our_preprocessed_train.csv
ascs,Sentence Reading,Yes,our_preprocessed_test.csv
atak,Sentence Reading,Yes,our_preprocessed_train.csv
atia,Picture Description,Yes,our_preprocessed_train.csv
atmc,Picture Description,Yes,our_preprocessed_train.csv
atnv,Picture Description,Yes,our_preprocessed_validation.csv
atpg,Picture Description,Yes,our_preprocessed_test.csv
aulf,Picture Description,Yes,our_preprocessed_train.csv
avdc,Voice Assistant,Yes,our_preprocessed_train.csv
avvv,Picture Description,Yes,our_preprocessed_train.csv
awam,Sentence Reading,Yes,our_preprocessed_train.csv
awch,Picture Description,Yes,our_preprocessed_train.csv
awck,Picture Description,Yes,our_preprocessed_test.csv
awxj,Picture Description,Yes,our_preprocessed_train.csv
axlk,Sentence Reading,Yes,our_preprocessed_validation.csv
axqe,Picture Description,Yes,our_preprocessed_test.csv
axuy,Picture Description,Yes,our_preprocessed_train.csv
ayqu,Picture Description,Yes,our_preprocessed_train.csv
ayro,Picture Description,Yes,our_preprocessed_train.csv
azfh,Picture Description,Yes,our_preprocessed_test.csv
azlk,Semantic Verbal Fluency,Yes,our_preprocessed_train.csv
bacp,Picture Description,Yes,our_preprocessed_train.csv
badu,Sentence Reading,Yes,our_preprocessed_validation.csv
bajg,Picture Description,Yes,our_preprocessed_train.csv
bbki,Picture Description,Yes,our_preprocessed_validation.csv
bbpg,Picture Description,Yes,our_preprocessed_test.csv
bbsj,Picture Description,Yes,our_preprocessed_test.csv
bcap,Picture Description,Yes,our_preprocessed_train.csv
bclu,Voice Assistant,Yes,our_preprocessed_train.csv
bclz,Picture Description,Yes,our_preprocessed_test.csv
bctw,Picture Description,Yes,our_preprocessed_train.csv
bdtr,Picture Description,Yes,our_preprocessed_train.csv
bdxm,Picture Description,Yes,our_preprocessed_train.csv
beca,Sentence Reading,Yes,our_preprocessed_train.csv
befs,Sentence Reading,Yes,our_preprocessed_test.csv
bejn,Picture Description,Yes,our_preprocessed_train.csv
belx,Picture Description,No,our_preprocessed_validation.csv
beqf,Picture Description,Yes,our_preprocessed_test.csv
bezt,Sentence Reading,Yes,our_preprocessed_train.csv
bfpb,Picture Description,Yes,our_preprocessed_test.csv
bfqg,Sentence Reading,Yes,our_preprocessed_train.csv
bfug,Picture Description,Yes,our_preprocessed_train.csv
bfvg,Picture Description,Yes,our_preprocessed_train.csv
bgfc,Sentence Reading,Yes,our_preprocessed_train.csv
bguv,Picture Description,Yes,our_preprocessed_train.csv
bhld,Sentence Reading,Yes,our_preprocessed_test.csv
bhms,Picture Description,Yes,our_preprocessed_train.csv
bhrl,Picture Description,Yes,our_preprocessed_train.csv
bihs,Picture Description,Yes,our_preprocessed_test.csv
bijy,Picture Description,Yes,our_preprocessed_train.csv
bimk,Picture Description,Yes,our_preprocessed_train.csv
bjfy,Semantic Verbal Fluency,Yes,our_preprocessed_test.csv
bjzd,Picture Description,Yes,our_preprocessed_train.csv
bkju,Picture Description,Yes,our_preprocessed_train.csv
bkpm,Picture Description,Yes,our_preprocessed_test.csv
bkrf,Picture Description,Yes,our_preprocessed_train.csv
blde,Picture Description,Yes,our_preprocessed_train.csv
bldi,Picture Description,Yes,our_preprocessed_train.csv
blyu,Picture Description,Yes,our_preprocessed_train.csv
bmok,Picture Description,Yes,our_preprocessed_train.csv
bmrn,Sentence Reading,Yes,our_preprocessed_test.csv
bmxs,Picture Description,Yes,our_preprocessed_test.csv
bnbq,Picture Description,Yes,our_preprocessed_train.csv
bnib,Picture Description,Yes,our_preprocessed_train.csv
bnxv,Picture Description,Yes,our_preprocessed_train.csv
bnza,Picture Description,Yes,our_preprocessed_train.csv
bocs,Voice Assistant,Yes,our_preprocessed_test.csv
bohp,Sentence Reading,Yes,our_preprocessed_train.csv
bove,Picture Description,Yes,our_preprocessed_train.csv
bpdx,Picture Description,Yes,our_preprocessed_train.csv
bphm,Picture Description,Yes,our_preprocessed_train.csv
bpom,Picture Description,Yes,our_preprocessed_train.csv
bqas,Picture Description,Yes,our_preprocessed_validation.csv
bqjw,Voice Assistant,Yes,our_preprocessed_train.csv
brgk,Sentence Reading,Yes,our_preprocessed_train.csv
brou,Picture Description,Yes,our_preprocessed_validation.csv
brpt,Picture Description,Yes,our_preprocessed_train.csv
brrd,Picture Description,Yes,our_preprocessed_train.csv
bspu,Sentence Reading,Yes,our_preprocessed_train.csv
bufm,Picture Description,Yes,our_preprocessed_train.csv
buhv,Picture Description,Yes,our_preprocessed_test.csv
buil,Sentence Reading,Yes,our_preprocessed_validation.csv
bumu,Picture Description,Yes,our_preprocessed_train.csv
buxr,Picture Description,Yes,our_preprocessed_test.csv
buyj,Sentence Reading,Yes,our_preprocessed_validation.csv
bvdl,Picture Description,Yes,our_preprocessed_test.csv
bwcc,Picture Description,Yes,our_preprocessed_test.csv
bwxr,Sentence Reading,Yes,our_preprocessed_train.csv
bxir,Picture Description,Yes,our_preprocessed_train.csv
bxkp,Picture Description,Yes,our_preprocessed_train.csv
bxog,Picture Description,Yes,our_preprocessed_train.csv
byjj,Sentence Reading,Yes,our_preprocessed_train.csv
bymf,Picture Description,Yes,our_preprocessed_train.csv
bynm,Picture Description,Yes,our_preprocessed_test.csv
bzcm,Picture Description,Yes,our_preprocessed_train.csv
catl,Picture Description,Yes,our_preprocessed_test.csv
caur,Picture Description,Yes,our_preprocessed_train.csv
cbmo,Sentence Reading,Yes,our_preprocessed_train.csv
cbyg,Sentence Reading,Yes,our_preprocessed_train.csv
ccbt,Picture Description,Yes,our_preprocessed_validation.csv
cccq,Picture Description,Yes,our_preprocessed_test.csv
cckb,Picture Description,Yes,our_preprocessed_validation.csv
ccli,Picture Description,Yes,our_preprocessed_test.csv
ccpw,Picture Description,Yes,our_preprocessed_train.csv
cepj,Picture Description,Yes,our_preprocessed_train.csv
ceqd,Picture Description,Yes,our_preprocessed_validation.csv
ceux,Other,Yes,our_preprocessed_test.csv
cevp,Picture Description,Yes,our_preprocessed_train.csv
cfis,Picture Description,Yes,our_preprocessed_validation.csv
cfnv,Sentence Reading,Yes,our_preprocessed_train.csv
cgbh,Personal Narrative,Yes,our_preprocessed_train.csv
cgft,Picture Description,Yes,our_preprocessed_train.csv
cgnd,Other,Yes,our_preprocessed_test.csv
cgpu,Picture Description,Yes,our_preprocessed_test.csv
chdv,Picture Description,Yes,our_preprocessed_train.csv
cheh,Voice Assistant,Yes,our_preprocessed_validation.csv
chjk,Semantic Verbal Fluency,Yes,our_preprocessed_validation.csv
chuy,Personal Narrative,Yes,our_preprocessed_validation.csv
chve,Picture Description,Yes,our_preprocessed_validation.csv
chvq,Picture Description,Yes,our_preprocessed_validation.csv
chzo,Picture Description,Yes,our_preprocessed_train.csv
cidn,Picture Description,Yes,our_preprocessed_train.csv
cigp,Picture Description,Yes,our_preprocessed_train.csv
ciie,Picture Description,Yes,our_preprocessed_train.csv
cjuc,Picture Description,Yes,our_preprocessed_train.csv
ckbh,Sentence Reading,Yes,our_preprocessed_test.csv
clip,Picture Description,Yes,our_preprocessed_train.csv
cljn,Picture Description,Yes,our_preprocessed_train.csv
clyp,Sentence Reading,Yes,our_preprocessed_test.csv
cmfz,Picture Description,Yes,our_preprocessed_train.csv
cncw,Picture Description,Yes,our_preprocessed_train.csv
conw,Sentence Reading,Yes,our_preprocessed_train.csv
couz,Story Recall,Yes,our_preprocessed_train.csv
cptu,Picture Description,Yes,our_preprocessed_validation.csv
cpzf,Picture Description,Yes,our_preprocessed_train.csv
cqff,Picture Description,Yes,our_preprocessed_validation.csv
cqyj,Picture Description,Yes,our_preprocessed_train.csv
crea,Sentence Reading,Yes,our_preprocessed_test.csv
crek,Picture Description,Yes,our_preprocessed_train.csv
crjf,Picture Description,Yes,our_preprocessed_train.csv
crpv,Picture Description,Yes,our_preprocessed_train.csv
crxh,Picture Description,Yes,our_preprocessed_train.csv
csgf,Picture Description,Yes,our_preprocessed_test.csv
csss,Picture Description,Yes,our_preprocessed_test.csv
ctgg,Picture Description,Yes,our_preprocessed_validation.csv
ctie,Picture Description,Yes,our_preprocessed_train.csv
ctiq,Voice Assistant,Yes,our_preprocessed_validation.csv
ctiv,Picture Description,Yes,our_preprocessed_train.csv
ctrw,Picture Description,Yes,our_preprocessed_train.csv
ctvq,Sentence Reading,Yes,our_preprocessed_test.csv
cubn,Picture Description,Yes,our_preprocessed_validation.csv
cukq,Sentence Reading,Yes,our_preprocessed_train.csv
cuvv,Picture Description,Yes,our_preprocessed_train.csv
cvko,Sentence Reading,Yes,our_preprocessed_train.csv
cvld,Sentence Reading,Yes,our_preprocessed_test.csv
cvxa,Voice Assistant,Yes,our_preprocessed_train.csv
cwmf,Picture Description,Yes,our_preprocessed_test.csv
cxmp,Picture Description,Yes,our_preprocessed_train.csv
cxne,Picture Description,Yes,our_preprocessed_test.csv
cxzk,Picture Description,Yes,our_preprocessed_train.csv
cyeh,Picture Description,Yes,our_preprocessed_train.csv
cykw,Picture Description,Yes,our_preprocessed_test.csv
cyps,Picture Description,Yes,our_preprocessed_train.csv
cyqq,Picture Description,Yes,our_preprocessed_validation.csv
cyrb,Picture Description,Yes,our_preprocessed_validation.csv
cyth,Picture Description,Yes,our_preprocessed_train.csv
cyxc,Sentence Reading,Yes,our_preprocessed_train.csv
cyzv,Sentence Reading,Yes,our_preprocessed_train.csv
czce,Sentence Reading,Yes,our_preprocessed_test.csv
dajr,Picture Description,Yes,our_preprocessed_train.csv
damg,Picture Description,Yes,our_preprocessed_train.csv
dbdq,Picture Description,Yes,our_preprocessed_train.csv
dblk,Picture Description,Yes,our_preprocessed_train.csv
dbsd,Picture Description,Yes,our_preprocessed_validation.csv
dbxv,Picture Description,Yes,our_preprocessed_test.csv
dcdp,Semantic Verbal Fluency,Yes,our_preprocessed_train.csv
dcem,Sentence Reading,Yes,our_preprocessed_train.csv
dcfp,Voice Assistant,Yes,our_preprocessed_train.csv
dcqv,Picture Description,Yes,our_preprocessed_test.csv
dcuv,Picture Description,Yes,our_preprocessed_train.csv
dcxw,Sentence Reading,Yes,our_preprocessed_test.csv
ddcp,Picture Description,Yes,our_preprocessed_train.csv
ddgg,Picture Description,Yes,our_preprocessed_test.csv
ddnp,Picture Description,Yes,our_preprocessed_train.csv
ddqv,Picture Description,Yes,our_preprocessed_validation.csv
ddxn,Picture Description,Yes,our_preprocessed_train.csv
delk,Picture Description,Yes,our_preprocessed_train.csv
denu,Picture Description,Yes,our_preprocessed_validation.csv
depc,Picture Description,Yes,our_preprocessed_test.csv
dewn,Picture Description,Yes,our_preprocessed_train.csv
dezq,Picture Description,Yes,our_preprocessed_train.csv
dffo,Picture Description,Yes,our_preprocessed_test.csv
dfpq,Picture Description,Yes,our_preprocessed_test.csv
dfzb,Picture Description,Yes,our_preprocessed_train.csv
dggg,Picture Description,Yes,our_preprocessed_test.csv
dgkt,Picture Description,Yes,our_preprocessed_test.csv
dgzb,Picture Description,Yes,our_preprocessed_train.csv
dhmg,Picture Description,Yes,our_preprocessed_train.csv
dhvj,Picture Description,Yes,our_preprocessed_train.csv
diws,Picture Description,Yes,our_preprocessed_train.csv
djjn,Picture Description,Yes,our_preprocessed_train.csv
djus,Picture Description,Yes,our_preprocessed_validation.csv
djvv,Picture Description,Yes,our_preprocessed_train.csv
djyu,Sentence Reading,Yes,our_preprocessed_train.csv
dkha,Picture Description,Yes,our_preprocessed_train.csv
dkir,Picture Description,Yes,our_preprocessed_validation.csv
dkrh,Picture Description,Yes,our_preprocessed_train.csv
dlam,Sentence Reading,Yes,our_preprocessed_train.csv
dlgn,Picture Description,Yes,our_preprocessed_validation.csv
dlgr,Picture Description,Yes,our_preprocessed_validation.csv
dlvr,Sentence Reading,Yes,our_preprocessed_test.csv
dmeg,Picture Description,Yes,our_preprocessed_test.csv
dmhg,Picture Description,Yes,our_preprocessed_train.csv
dnmd,Picture Description,Yes,our_preprocessed_test.csv
dokm,Picture Description,Yes,our_preprocessed_train.csv
doqw,Sentence Reading,Yes,our_preprocessed_validation.csv
dpau,Picture Description,Yes,our_preprocessed_train.csv
dpmc,Picture Description,Yes,our_preprocessed_train.csv
dpmk,Picture Description,Yes,our_preprocessed_test.csv
dqvs,Picture Description,Yes,our_preprocessed_train.csv
drew,Picture Description,Yes,our_preprocessed_validation.csv
dsdk,Semantic Verbal Fluency,Yes,our_preprocessed_train.csv
dsjk,Other,Yes,our_preprocessed_train.csv
dspk,Sentence Reading,Yes,our_preprocessed_train.csv
dsqt,Voice Assistant,Yes,our_preprocessed_train.csv
dtit,Picture Description,Yes,our_preprocessed_train.csv
dtlz,Picture Description,Yes,our_preprocessed_validation.csv
dtod,Picture Description,Yes,our_preprocessed_test.csv
dtuu,Semantic Verbal Fluency,Yes,our_preprocessed_train.csv
duho,Picture Description,Yes,our_preprocessed_train.csv
dvpn,Semantic Verbal Fluency,Yes,our_preprocessed_validation.csv
dvpv,Picture Description,Yes,our_preprocessed_test.csv
dwjf,Picture Description,Yes,our_preprocessed_train.csv
dwqi,Picture Description,Yes,our_preprocessed_train.csv
dwqo,Sentence Reading,Yes,our_preprocessed_validation.csv
dxhp,Picture Description,Yes,our_preprocessed_train.csv
dxll,Picture Description,Yes,our_preprocessed_train.csv
dxpr,Voice Assistant,Yes,our_preprocessed_train.csv
dxri,Picture Description,Yes,our_preprocessed_validation.csv
dxyi,Other,Yes,our_preprocessed_train.csv
dxzb,Picture Description,Yes,our_preprocessed_train.csv
dywy,Sentence Reading,Yes,our_preprocessed_test.csv
dzoj,Picture Description,Yes,our_preprocessed_validation.csv
dzse,Picture Description,Yes,our_preprocessed_train.csv
dzsl,Semantic Verbal Fluency,Yes,our_preprocessed_train.csv
eacr,Picture Description,Yes,our_preprocessed_train.csv
eafy,Voice Assistant,Yes,our_preprocessed_train.csv
eaog,Semantic Verbal Fluency,Yes,our_preprocessed_train.csv
eaze,Picture Description,Yes,our_preprocessed_train.csv
ebft,Picture Description,Yes,our_preprocessed_test.csv
ebhi,Sentence Reading,Yes,our_preprocessed_train.csv
ebjj,Sentence Reading,Yes,our_preprocessed_validation.csv
ebyu,Picture Description,Yes,our_preprocessed_train.csv
ecqk,Picture Description,Yes,our_preprocessed_train.csv
ecsy,Personal Narrative,Yes,our_preprocessed_train.csv
ecuz,Personal Narrative,Yes,our_preprocessed_train.csv
ecvs,Voice Assistant,Yes,our_preprocessed_train.csv
ecym,Picture Description,Yes,our_preprocessed_train.csv
edos,Picture Description,Yes,our_preprocessed_test.csv
eefj,Sentence Reading,Yes,our_preprocessed_train.csv
efld,Picture Description,Yes,our_preprocessed_train.csv
efsl,Picture Description,Yes,our_preprocessed_train.csv
eglx,Sentence Reading,Yes,our_preprocessed_train.csv
ehva,Picture Description,Yes,our_preprocessed_train.csv
ekji,Story Recall,Yes,our_preprocessed_train.csv
ekpr,Picture Description,Yes,our_preprocessed_train.csv
ekrj,Sentence Reading,Yes,our_preprocessed_train.csv
ekuc,Sentence Reading,Yes,our_preprocessed_validation.csv
ekvd,Picture Description,Yes,our_preprocessed_test.csv
elbh,Sentence Reading,Yes,our_preprocessed_train.csv
eluz,Other,Yes,our_preprocessed_validation.csv
emco,Picture Description,No,our_preprocessed_train.csv
emfa,Picture Description,Yes,our_preprocessed_test.csv
emfv,Picture Description,Yes,our_preprocessed_train.csv
emjd,Picture Description,Yes,our_preprocessed_train.csv
empq,Picture Description,Yes,our_preprocessed_test.csv
empt,Picture Description,Yes,our_preprocessed_test.csv
empv,Other,Yes,our_preprocessed_train.csv
enis,Other,Yes,our_preprocessed_test.csv
ensg,Picture Description,Yes,our_preprocessed_train.csv
eogj,Picture Description,Yes,our_preprocessed_test.csv
eola,Sentence Reading,Yes,our_preprocessed_train.csv
eoyt,Sentence Reading,Yes,our_preprocessed_train.csv
epat,Picture Description,Yes,our_preprocessed_train.csv
epdw,Picture Description,Yes,our_preprocessed_test.csv
epon,Personal Narrative,Yes,our_preprocessed_train.csv
eqfp,Picture Description,Yes,our_preprocessed_train.csv
eqwm,Picture Description,Yes,our_preprocessed_train.csv
eqyg,Picture Description,Yes,our_preprocessed_train.csv
erin,Picture Description,Yes,our_preprocessed_test.csv
erwr,Sentence Reading,Yes,our_preprocessed_validation.csv
esaf,Picture Description,Yes,our_preprocessed_train.csv
escm,Picture Description,Yes,our_preprocessed_train.csv
esgu,Sentence Reading,Yes,our_preprocessed_validation.csv
esql,Picture Description,Yes,our_preprocessed_train.csv
etfn,Sentence Reading,Yes,our_preprocessed_test.csv
etou,Picture Description,Yes,our_preprocessed_train.csv
euil,Picture Description,Yes,our_preprocessed_train.csv
euja,Picture Description,Yes,our_preprocessed_test.csv
euof,Picture Description,Yes,our_preprocessed_test.csv
euwi,Sentence Reading,Yes,our_preprocessed_train.csv
euzm,Picture Description,Yes,our_preprocessed_train.csv
evni,Picture Description,Yes,our_preprocessed_train.csv
evtr,Sentence Reading,Yes,our_preprocessed_test.csv
evvz,Picture Description,Yes,our_preprocessed_test.csv
ewby,Picture Description,Yes,our_preprocessed_validation.csv
ewqw,Voice Assistant,Yes,our_preprocessed_train.csv
ewts,Picture Description,Yes,our_preprocessed_train.csv
ewuv,Picture Description,Yes,our_preprocessed_test.csv
ewxm,Picture Description,Yes,our_preprocessed_train.csv
exeb,Sentence Reading,Yes,our_preprocessed_validation.csv
exlu,Sentence Reading,Yes,our_preprocessed_train.csv
exnz,Picture Description,Yes,our_preprocessed_train.csv
exqc,Semantic Verbal Fluency,Yes,our_preprocessed_train.csv
ezcw,Picture Description,Yes,our_preprocessed_test.csv
facg,Picture Description,Yes,our_preprocessed_validation.csv
farx,Picture Description,Yes,our_preprocessed_train.csv
fats,Sentence Reading,Yes,our_preprocessed_train.csv
faxn,Personal Narrative,Yes,our_preprocessed_train.csv
fbiw,Sentence Reading,Yes,our_preprocessed_validation.csv
fbwv,Picture Description,Yes,our_preprocessed_test.csv
fbzr,Picture Description,Yes,our_preprocessed_validation.csv
fciv,Sentence Reading,Yes,our_preprocessed_train.csv
fcwt,Sentence Reading,Yes,our_preprocessed_test.csv
fdaw,Picture Description,Yes,our_preprocessed_train.csv
fdkq,Picture Description,Yes,our_preprocessed_train.csv
fdnd,Picture Description,Yes,our_preprocessed_train.csv
fdzt,Voice Assistant,Yes,our_preprocessed_validation.csv
fegh,Sentence Reading,Yes,our_preprocessed_train.csv
fens,Picture Description,Yes,our_preprocessed_validation.csv
feof,Picture Description,Yes,our_preprocessed_test.csv
fewd,Picture Description,Yes,our_preprocessed_train.csv
fewl,Picture Description,Yes,our_preprocessed_train.csv
ffgq,Picture Description,Yes,our_preprocessed_train.csv
ffho,Sentence Reading,Yes,our_preprocessed_train.csv
ffiv,Picture Description,Yes,our_preprocessed_train.csv
ffkm,Picture Description,Yes,our_preprocessed_train.csv
ffks,Picture Description,Yes,our_preprocessed_train.csv
fgbt,Picture Description,Yes,our_preprocessed_train.csv
fgtd,Picture Description,No,our_preprocessed_train.csv
fgzj,Picture Description,Yes,our_preprocessed_test.csv
fhea,Picture Description,Yes,our_preprocessed_train.csv
fhnu,Story Recall,Yes,our_preprocessed_train.csv
fhsx,Voice Assistant,Yes,our_preprocessed_validation.csv
fhto,Picture Description,Yes,our_preprocessed_train.csv
fixv,Personal Narrative,Yes,our_preprocessed_test.csv
fjqy,Picture Description,Yes,our_preprocessed_train.csv
fkce,Picture Description,Yes,our_preprocessed_train.csv
fkcr,Picture Description,Yes,our_preprocessed_train.csv
fknx,Picture Description,No,our_preprocessed_train.csv
fkvj,Voice Assistant,Yes,our_preprocessed_train.csv
flic,Sentence Reading,Yes,our_preprocessed_validation.csv
flje,Picture Description,Yes,our_preprocessed_validation.csv
flqa,Sentence Reading,Yes,our_preprocessed_train.csv
flzm,Picture Description,Yes,our_preprocessed_train.csv
fmef,Picture Description,Yes,our_preprocessed_train.csv
fmlw,Picture Description,Yes,our_preprocessed_train.csv
fmmu,Picture Description,Yes,our_preprocessed_train.csv
fmof,Picture Description,Yes,our_preprocessed_train.csv
fnas,Picture Description,Yes,our_preprocessed_train.csv
fnlu,Sentence Reading,Yes,our_preprocessed_test.csv
fnwb,Picture Description,Yes,our_preprocessed_train.csv
fokk,Sentence Reading,Yes,our_preprocessed_train.csv
fora,Picture Description,Yes,our_preprocessed_validation.csv
foso,Picture Description,Yes,our_preprocessed_validation.csv
fpbu,Sentence Reading,Yes,our_preprocessed_train.csv
fpiz,Picture Description,Yes,our_preprocessed_test.csv
fpmi,Picture Description,Yes,our_preprocessed_validation.csv
fppq,Semantic Verbal Fluency,Yes,our_preprocessed_train.csv
fqdl,Voice Assistant,Yes,our_preprocessed_validation.csv
fqef,Sentence Reading,Yes,our_preprocessed_train.csv
fqin,Picture Description,Yes,our_preprocessed_train.csv
fqni,Picture Description,Yes,our_preprocessed_train.csv
frap,Sentence Reading,Yes,our_preprocessed_validation.csv
frbl,Picture Description,Yes,our_preprocessed_train.csv
frix,Voice Assistant,Yes,our_preprocessed_validation.csv
frsq,Sentence Reading,Yes,our_preprocessed_validation.csv
frwu,Semantic Verbal Fluency,Yes,our_preprocessed_train.csv
fsjs,Picture Description,Yes,our_preprocessed_validation.csv
fslw,Picture Description,Yes,our_preprocessed_train.csv
ftgt,Sentence Reading,Yes,our_preprocessed_train.csv
ftlj,Picture Description,Yes,our_preprocessed_test.csv
fujc,Picture Description,Yes,our_preprocessed_train.csv
furj,Picture Description,Yes,our_preprocessed_train.csv
fuwt,Story Recall,Yes,our_preprocessed_train.csv
fvlb,Sentence Reading,Yes,our_preprocessed_train.csv
fwhr,Picture Description,Yes,our_preprocessed_train.csv
fwif,Picture Description,Yes,our_preprocessed_train.csv
fwwx,Semantic Verbal Fluency,Yes,our_preprocessed_test.csv
fwxp,Sentence Reading,Yes,our_preprocessed_train.csv
fxja,Sentence Reading,Yes,our_preprocessed_train.csv
fxwr,Picture Description,Yes,our_preprocessed_train.csv
fzco,Picture Description,Yes,our_preprocessed_train.csv
fzin,Picture Description,Yes,our_preprocessed_train.csv
fzjr,Picture Description,Yes,our_preprocessed_train.csv
fzuu,Picture Description,Yes,our_preprocessed_validation.csv
fzzu,Picture Description,Yes,our_preprocessed_validation.csv
gabp,Picture Description,Yes,our_preprocessed_train.csv
gafo,Picture Description,Yes,our_preprocessed_train.csv
gbnh,Picture Description,Yes,our_preprocessed_train.csv
gbrn,Picture Description,Yes,our_preprocessed_train.csv
gcbg,Sentence Reading,Yes,our_preprocessed_test.csv
gdis,Picture Description,Yes,our_preprocessed_train.csv
gdsq,Picture Description,Yes,our_preprocessed_test.csv
gdtc,Story Recall,Yes,our_preprocessed_train.csv
geaw,Picture Description,Yes,our_preprocessed_validation.csv
gehx,Picture Description,Yes,our_preprocessed_test.csv
genv,Picture Description,Yes,our_preprocessed_train.csv
geoe,Picture Description,Yes,our_preprocessed_train.csv
gfbg,Picture Description,Yes,our_preprocessed_train.csv
gfxo,Picture Description,Yes,our_preprocessed_train.csv
ggcp,Sentence Reading,Yes,our_preprocessed_train.csv
ggcs,Sentence Reading,Yes,our_preprocessed_validation.csv
ggfq,Picture Description,Yes,our_preprocessed_test.csv
ggme,Picture Description,Yes,our_preprocessed_train.csv
ggtq,Picture Description,Yes,our_preprocessed_train.csv
ghfo,Picture Description,Yes,our_preprocessed_train.csv
ghjh,Story Recall,Yes,our_preprocessed_train.csv
ghle,Picture Description,Yes,our_preprocessed_validation.csv
ghqf,Picture Description,Yes,our_preprocessed_train.csv
ghqn,Picture Description,Yes,our_preprocessed_test.csv
giat,Picture Description,Yes,our_preprocessed_train.csv
giet,Picture Description,Yes,our_preprocessed_train.csv
gimv,Picture Description,Yes,our_preprocessed_train.csv
girw,Picture Description,Yes,our_preprocessed_test.csv
giuk,Picture Description,Yes,our_preprocessed_train.csv
gjog,Sentence Reading,Yes,our_preprocessed_train.csv
gkaz,Picture Description,Yes,our_preprocessed_train.csv
gkds,Sentence Reading,Yes,our_preprocessed_train.csv
gkkg,Picture Description,Yes,our_preprocessed_train.csv
gkkl,Picture Description,Yes,our_preprocessed_train.csv
gknn,Sentence Reading,Yes,our_preprocessed_test.csv
gkoh,Picture Description,Yes,our_preprocessed_validation.csv
gktf,Picture Description,Yes,our_preprocessed_train.csv
gkxn,Picture Description,Yes,our_preprocessed_train.csv
gkzq,Sentence Reading,Yes,our_preprocessed_train.csv
glvo,Picture Description,Yes,our_preprocessed_train.csv
gmep,Picture Description,Yes,our_preprocessed_train.csv
gmge,Picture Description,No,our_preprocessed_train.csv
gmsj,Picture Description,Yes,our_preprocessed_validation.csv
gmst,Picture Description,Yes,our_preprocessed_train.csv
gnjd,Picture Description,Yes,our_preprocessed_test.csv
goof,Story Recall,Yes,our_preprocessed_test.csv
gore,Picture Description,Yes,our_preprocessed_validation.csv
gozc,Picture Description,Yes,our_preprocessed_train.csv
gpdj,Picture Description,Yes,our_preprocessed_validation.csv
gphj,Picture Description,Yes,our_preprocessed_train.csv
gphn,Personal Narrative,Yes,our_preprocessed_test.csv
gpjt,Picture Description,Yes,our_preprocessed_train.csv
gplj,Picture Description,Yes,our_preprocessed_train.csv
gpps,Other,Yes,our_preprocessed_train.csv
gpvt,Picture Description,Yes,our_preprocessed_test.csv
gqfg,Picture Description,Yes,our_preprocessed_train.csv
gqio,Sentence Reading,Yes,our_preprocessed_train.csv
grnj,Sentence Reading,Yes,our_preprocessed_test.csv
grpn,Picture Description,Yes,our_preprocessed_train.csv
grxg,Picture Description,Yes,our_preprocessed_train.csv
gszd,Sentence Reading,Yes,our_preprocessed_train.csv
gtcz,Picture Description,Yes,our_preprocessed_validation.csv
gtkk,Picture Description,Yes,our_preprocessed_validation.csv
gttf,Picture Description,Yes,our_preprocessed_train.csv
guab,Sentence Reading,Yes,our_preprocessed_train.csv
guhr,Semantic Verbal Fluency,Yes,our_preprocessed_train.csv
gvte,Picture Description,Yes,our_preprocessed_validation.csv
gvwj,Picture Description,Yes,our_preprocessed_train.csv
gwby,Picture Description,Yes,our_preprocessed_train.csv
gxhx,Picture Description,Yes,our_preprocessed_train.csv
gxjc,Picture Description,Yes,our_preprocessed_train.csv
gxkt,Picture Description,Yes,our_preprocessed_train.csv
gxnx,Picture Description,Yes,our_preprocessed_test.csv
gxyh,Voice Assistant,Yes,our_preprocessed_train.csv
gybc,Picture Description,Yes,our_preprocessed_train.csv
gycc,Picture Description,Yes,our_preprocessed_validation.csv
gygo,Picture Description,Yes,our_preprocessed_train.csv
gylx,Picture Description,Yes,our_preprocessed_train.csv
gyvr,Picture Description,Yes,our_preprocessed_train.csv
gyyc,Picture Description,Yes,our_preprocessed_train.csv
gyys,Picture Description,Yes,our_preprocessed_train.csv
gzoz,Picture Description,No,our_preprocessed_train.csv
gzre,Picture Description,Yes,our_preprocessed_validation.csv
gzxn,Picture Description,Yes,our_preprocessed_train.csv
gzys,Picture Description,Yes,our_preprocessed_train.csv
haon,Picture Description,Yes,our_preprocessed_train.csv
hauo,Picture Description,Yes,our_preprocessed_train.csv
hcjd,Picture Description,Yes,our_preprocessed_test.csv
hcqi,Picture Description,Yes,our_preprocessed_train.csv
hctf,Picture Description,Yes,our_preprocessed_test.csv
hcwt,Sentence Reading,Yes,our_preprocessed_validation.csv
hdhj,Sentence Reading,Yes,our_preprocessed_train.csv
hdmx,Picture Description,Yes,our_preprocessed_train.csv
hdru,Picture Description,Yes,our_preprocessed_train.csv
heac,Picture Description,Yes,our_preprocessed_train.csv
heav,Sentence Reading,Yes,our_preprocessed_validation.csv
hebu,Picture Description,Yes,our_preprocessed_train.csv
heuo,Picture Description,Yes,our_preprocessed_train.csv
heut,Picture Description,Yes,our_preprocessed_train.csv
hevn,Semantic Verbal Fluency,Yes,our_preprocessed_train.csv
hfdx,Picture Description,Yes,our_preprocessed_train.csv
hfit,Sentence Reading,Yes,our_preprocessed_test.csv
hfzf,Picture Description,Yes,our_preprocessed_train.csv
hgnb,Sentence Reading,Yes,our_preprocessed_validation.csv
hgpf,Picture Description,Yes,our_preprocessed_train.csv
hhuv,Picture Description,Yes,our_preprocessed_test.csv
hhyq,Sentence Reading,Yes,our_preprocessed_train.csv
hihw,Picture Description,Yes,our_preprocessed_train.csv
hiol,Picture Description,Yes,our_preprocessed_train.csv
hjce,Sentence Reading,Yes,our_preprocessed_train.csv
hjei,Picture Description,No,our_preprocessed_train.csv
hjiq,Picture Description,Yes,our_preprocessed_validation.csv
hkan,Picture Description,Yes,our_preprocessed_train.csv
hkcu,Picture Description,Yes,our_preprocessed_validation.csv
hkmi,Picture Description,Yes,our_preprocessed_validation.csv
hlgs,Picture Description,Yes,our_preprocessed_test.csv
hlzr,Picture Description,Yes,our_preprocessed_train.csv
hmec,Picture Description,Yes,our_preprocessed_test.csv
hmoy,Picture Description,Yes,our_preprocessed_train.csv
hmut,Picture Description,Yes,our_preprocessed_validation.csv
hmva,Picture Description,Yes,our_preprocessed_train.csv
hmvw,Picture Description,Yes,our_preprocessed_test.csv
hmyy,Voice Assistant,Yes,our_preprocessed_test.csv
hnbq,Picture Description,Yes,our_preprocessed_train.csv
hneq,Sentence Reading,Yes,our_preprocessed_validation.csv
hnxg,Picture Description,Yes,our_preprocessed_train.csv
hoca,Picture Description,Yes,our_preprocessed_validation.csv
hotv,Personal Narrative,Yes,our_preprocessed_train.csv
hpbe,Picture Description,Yes,our_preprocessed_train.csv
hphq,Sentence Reading,Yes,our_preprocessed_train.csv
hpkr,Picture Description,Yes,our_preprocessed_train.csv
hpme,Voice Assistant,Yes,our_preprocessed_train.csv
hpzh,Picture Description,Yes,our_preprocessed_validation.csv
hqbo,Picture Description,Yes,our_preprocessed_train.csv
hqhr,Semantic Verbal Fluency,Yes,our_preprocessed_train.csv
hqic,Picture Description,Yes,our_preprocessed_train.csv
hqnn,Picture Description,Yes,our_preprocessed_train.csv
hqsp,Picture Description,Yes,our_preprocessed_validation.csv
hqup,Picture Description,Yes,our_preprocessed_validation.csv
hrbq,Picture Description,Yes,our_preprocessed_validation.csv
hrei,Personal Narrative,Yes,our_preprocessed_train.csv
hrii,Picture Description,Yes,our_preprocessed_train.csv
hriv,Picture Description,Yes,our_preprocessed_train.csv
hrwd,Sentence Reading,Yes,our_preprocessed_test.csv
htaw,Sentence Reading,Yes,our_preprocessed_train.csv
htch,Picture Description,Yes,our_preprocessed_train.csv
hubc,Picture Description,Yes,our_preprocessed_train.csv
huhl,Picture Description,Yes,our_preprocessed_train.csv
hujn,Sentence Reading,Yes,our_preprocessed_validation.csv
huld,Picture Description,Yes,our_preprocessed_test.csv
hvqy,Picture Description,Yes,our_preprocessed_test.csv
hwdj,Personal Narrative,Yes,our_preprocessed_train.csv
hwee,Sentence Reading,Yes,our_preprocessed_validation.csv
hwpi,Sentence Reading,Yes,our_preprocessed_train.csv
hwqk,Picture Description,Yes,our_preprocessed_train.csv
hwuy,Sentence Reading,Yes,our_preprocessed_train.csv
hxok,Picture Description,Yes,our_preprocessed_test.csv
hxya,Picture Description,Yes,our_preprocessed_train.csv
hycz,Picture Description,Yes,our_preprocessed_train.csv
hyum,Picture Description,Yes,our_preprocessed_train.csv
hzlb,Picture Description,Yes,our_preprocessed_train.csv
hztv,Picture Description,Yes,our_preprocessed_test.csv
hzwn,Picture Description,Yes,our_preprocessed_test.csv
iawr,Picture Description,Yes,our_preprocessed_train.csv
ibqy,Picture Description,Yes,our_preprocessed_train.csv
ibzi,Personal Narrative,Yes,our_preprocessed_test.csv
icqk,Picture Description,Yes,our_preprocessed_validation.csv
iddn,Sentence Reading,Yes,our_preprocessed_test.csv
idgh,Picture Description,Yes,our_preprocessed_train.csv
idqb,Picture Description,Yes,our_preprocessed_train.csv
idrl,Personal Narrative,Yes,our_preprocessed_train.csv
iefo,Voice Assistant,Yes,our_preprocessed_validation.csv
ieie,Picture Description,Yes,our_preprocessed_validation.csv
iejc,Picture Description,Yes,our_preprocessed_train.csv
ierj,Picture Description,Yes,our_preprocessed_validation.csv
ifnn,Sentence Reading,Yes,our_preprocessed_train.csv
ifos,Picture Description,Yes,our_preprocessed_test.csv
ifvd,Picture Description,Yes,our_preprocessed_test.csv
ifzt,Sentence Reading,Yes,our_preprocessed_validation.csv
igvb,Picture Description,Yes,our_preprocessed_train.csv
ihrz,Picture Description,Yes,our_preprocessed_train.csv
iiai,Picture Description,Yes,our_preprocessed_test.csv
iian,Picture Description,Yes,our_preprocessed_train.csv
ijjc,Picture Description,Yes,our_preprocessed_validation.csv
ijoi,Picture Description,Yes,our_preprocessed_validation.csv
ikbj,Sentence Reading,Yes,our_preprocessed_train.csv
iket,Picture Description,Yes,our_preprocessed_train.csv
ikgw,Picture Description,Yes,our_preprocessed_test.csv
iklv,Picture Description,Yes,our_preprocessed_train.csv
illn,Picture Description,Yes,our_preprocessed_train.csv
immd,Picture Description,Yes,our_preprocessed_train.csv
imzs,Picture Description,Yes,our_preprocessed_validation.csv
insv,Picture Description,Yes,our_preprocessed_train.csv
iock,Picture Description,Yes,our_preprocessed_train.csv
ioei,Picture Description,Yes,our_preprocessed_test.csv
iofx,Voice Assistant,Yes,our_preprocessed_test.csv
iopd,Semantic Verbal Fluency,Yes,our_preprocessed_test.csv
iopn,Other,Yes,our_preprocessed_validation.csv
ioyk,Picture Description,Yes,our_preprocessed_validation.csv
ipbv,Picture Description,Yes,our_preprocessed_train.csv
ipfe,Picture Description,Yes,our_preprocessed_train.csv
iphg,Picture Description,Yes,our_preprocessed_train.csv
ipru,Picture Description,Yes,our_preprocessed_validation.csv
iqhu,Voice Assistant,Yes,our_preprocessed_train.csv
iqjg,Picture Description,Yes,our_preprocessed_train.csv
iqkz,Picture Description,No,our_preprocessed_train.csv
iqzp,Voice Assistant,Yes,our_preprocessed_train.csv
iris,Picture Description,Yes,our_preprocessed_validation.csv
irli,Other,Yes,our_preprocessed_train.csv
irnb,Sentence Reading,Yes,our_preprocessed_train.csv
irvj,Picture Description,Yes,our_preprocessed_train.csv
irxs,Picture Description,Yes,our_preprocessed_test.csv
irym,Picture Description,Yes,our_preprocessed_test.csv
isre,Picture Description,Yes,our_preprocessed_train.csv
isrt,Voice Assistant,Yes,our_preprocessed_test.csv
itof,Picture Description,Yes,our_preprocessed_validation.csv
itps,Picture Description,Yes,our_preprocessed_train.csv
iude,Picture Description,Yes,our_preprocessed_validation.csv
iuuy,Picture Description,Yes,our_preprocessed_train.csv
ixoa,Picture Description,Yes,our_preprocessed_train.csv
iyca,Picture Description,Yes,our_preprocessed_test.csv
iyha,Story Recall,Yes,our_preprocessed_train.csv
iyho,Picture Description,Yes,our_preprocessed_validation.csv
iyzv,Picture Description,Yes,our_preprocessed_train.csv
izbb,Picture Description,Yes,our_preprocessed_validation.csv
iznw,Picture Description,Yes,our_preprocessed_validation.csv
izqr,Picture Description,Yes,our_preprocessed_train.csv
izyf,Picture Description,Yes,our_preprocessed_train.csv
jaes,Picture Description,Yes,our_preprocessed_train.csv
jana,Picture Description,Yes,our_preprocessed_validation.csv
jbjx,Sentence Reading,Yes,our_preprocessed_train.csv
jbni,Picture Description,Yes,our_preprocessed_train.csv
jbtb,Picture Description,Yes,our_preprocessed_train.csv
jcqe,Picture Description,Yes,our_preprocessed_train.csv
jcra,Voice Assistant,Yes,our_preprocessed_validation.csv
jdkn,Picture Description,Yes,our_preprocessed_test.csv
jefs,Picture Description,Yes,our_preprocessed_test.csv
jetz,Sentence Reading,Yes,our_preprocessed_train.csv
jfec,Sentence Reading,Yes,our_preprocessed_train.csv
jfom,Picture Description,Yes,our_preprocessed_validation.csv
jgcl,Sentence Reading,Yes,our_preprocessed_train.csv
jgst,Picture Description,Yes,our_preprocessed_train.csv
jgvz,Picture Description,Yes,our_preprocessed_train.csv
jhcw,Other,Yes,our_preprocessed_train.csv
jhcz,Semantic Verbal Fluency,Yes,our_preprocessed_validation.csv
jhsf,Picture Description,Yes,our_preprocessed_train.csv
jhte,Picture Description,Yes,our_preprocessed_test.csv
jils,Picture Description,Yes,our_preprocessed_train.csv
jimd,Picture Description,Yes,our_preprocessed_train.csv
jjcj,Picture Description,Yes,our_preprocessed_train.csv
jjpd,Picture Description,Yes,our_preprocessed_train.csv
jjrz,Picture Description,Yes,our_preprocessed_train.csv
jkeb,Sentence Reading,Yes,our_preprocessed_test.csv
jkgz,Picture Description,Yes,our_preprocessed_test.csv
jkpy,Picture Description,Yes,our_preprocessed_test.csv
jktp,Other,Yes,our_preprocessed_train.csv
jkwv,Picture Description,Yes,our_preprocessed_test.csv
jkzh,Sentence Reading,Yes,our_preprocessed_train.csv
jlae,Sentence Reading,Yes,our_preprocessed_test.csv
jlcj,Picture Description,Yes,our_preprocessed_train.csv
jlfq,Picture Description,Yes,our_preprocessed_train.csv
jlge,Picture Description,Yes,our_preprocessed_train.csv
jlnt,Sentence Reading,Yes,our_preprocessed_test.csv
jmds,Picture Description,Yes,our_preprocessed_train.csv
jmji,Picture Description,Yes,our_preprocessed_validation.csv
jmoo,Voice Assistant,Yes,our_preprocessed_train.csv
jmyx,Picture Description,Yes,our_preprocessed_train.csv
jnia,Voice Assistant,Yes,our_preprocessed_train.csv
jnmb,Voice Assistant,Yes,our_preprocessed_train.csv
jnni,Picture Description,Yes,our_preprocessed_train.csv
jnpr,Picture Description,Yes,our_preprocessed_train.csv
jnpu,Picture Description,Yes,our_preprocessed_validation.csv
jnxi,Picture Description,Yes,our_preprocessed_validation.csv
jodn,Picture Description,Yes,our_preprocessed_train.csv
joee,Picture Description,Yes,our_preprocessed_train.csv
jogm,Picture Description,Yes,our_preprocessed_test.csv
joxx,Voice Assistant,Yes,our_preprocessed_train.csv
jozu,Picture Description,Yes,our_preprocessed_train.csv
jpro,Picture Description,Yes,our_preprocessed_train.csv
jqee,Picture Description,Yes,our_preprocessed_train.csv
jqka,Personal Narrative,Yes,our_preprocessed_train.csv
jqyc,Semantic Verbal Fluency,Yes,our_preprocessed_train.csv
jrad,Sentence Reading,Yes,our_preprocessed_train.csv
jrbu,Picture Description,Yes,our_preprocessed_train.csv
jrgq,Voice Assistant,Yes,our_preprocessed_train.csv
jrli,Voice Assistant,Yes,our_preprocessed_test.csv
jryz,Picture Description,Yes,our_preprocessed_train.csv
jsvu,Picture Description,Yes,our_preprocessed_validation.csv
jtep,Story Recall,Yes,our_preprocessed_train.csv
jtfe,Sentence Reading,Yes,our_preprocessed_train.csv
jtoz,Picture Description,Yes,our_preprocessed_train.csv
jtpj,Picture Description,Yes,our_preprocessed_validation.csv
juco,Picture Description,Yes,our_preprocessed_train.csv
jupu,Voice Assistant,Yes,our_preprocessed_train.csv
juws,Picture Description,Yes,our_preprocessed_test.csv
jveh,Picture Description,Yes,our_preprocessed_train.csv
jvsx,Picture Description,Yes,our_preprocessed_train.csv
jxjw,Sentence Reading,Yes,our_preprocessed_train.csv
jxlo,Sentence Reading,Yes,our_preprocessed_train.csv
jxrc,Picture Description,Yes,our_preprocessed_train.csv
jxyp,Picture Description,Yes,our_preprocessed_validation.csv
jygb,Voice Assistant,Yes,our_preprocessed_train.csv
jyok,Picture Description,Yes,our_preprocessed_validation.csv
jzbl,Picture Description,Yes,our_preprocessed_train.csv
jzcr,Picture Description,Yes,our_preprocessed_test.csv
jzhi,Picture Description,Yes,our_preprocessed_train.csv
jzpj,Picture Description,Yes,our_preprocessed_train.csv
jzxo,Picture Description,Yes,our_preprocessed_validation.csv
kamv,Picture Description,Yes,our_preprocessed_train.csv
kaof,Sentence Reading,Yes,our_preprocessed_train.csv
kbax,Picture Description,Yes,our_preprocessed_test.csv
kbtc,Picture Description,Yes,our_preprocessed_train.csv
kcrg,Picture Description,Yes,our_preprocessed_train.csv
kcyh,Picture Description,Yes,our_preprocessed_train.csv
kdai,Sentence Reading,Yes,our_preprocessed_train.csv
kdkz,Sentence Reading,Yes,our_preprocessed_test.csv
keec,Picture Description,Yes,our_preprocessed_train.csv
keeq,Picture Description,Yes,our_preprocessed_validation.csv
kegk,Picture Description,Yes,our_preprocessed_train.csv
ketv,Picture Description,Yes,our_preprocessed_validation.csv
kfdc,Story Recall,Yes,our_preprocessed_train.csv
kfdz,Picture Description,Yes,our_preprocessed_train.csv
kflj,Picture Description,Yes,our_preprocessed_validation.csv
kfms,Sentence Reading,Yes,our_preprocessed_train.csv
kgbm,Picture Description,Yes,our_preprocessed_validation.csv
kgca,Picture Description,Yes,our_preprocessed_train.csv
kgcy,Sentence Reading,Yes,our_preprocessed_train.csv
kgid,Picture Description,Yes,our_preprocessed_train.csv
khfk,Sentence Reading,Yes,our_preprocessed_validation.csv
khhp,Picture Description,Yes,our_preprocessed_train.csv
khso,Sentence Reading,Yes,our_preprocessed_train.csv
khvp,Picture Description,Yes,our_preprocessed_train.csv
kieh,Picture Description,Yes,our_preprocessed_test.csv
kigg,Picture Description,Yes,our_preprocessed_train.csv
kihu,Picture Description,Yes,our_preprocessed_validation.csv
kiyf,Picture Description,Yes,our_preprocessed_train.csv
kjke,Picture Description,Yes,our_preprocessed_validation.csv
kkbg,Picture Description,Yes,our_preprocessed_train.csv
kkbu,Picture Description,Yes,our_preprocessed_train.csv
kkkl,Voice Assistant,Yes,our_preprocessed_train.csv
kkvv,Picture Description,Yes,our_preprocessed_validation.csv
klbu,Picture Description,Yes,our_preprocessed_validation.csv
klgz,Picture Description,Yes,our_preprocessed_train.csv
klrf,Sentence Reading,Yes,our_preprocessed_train.csv
klzj,Sentence Reading,Yes,our_preprocessed_train.csv
klzk,Voice Assistant,Yes,our_preprocessed_train.csv
kmnc,Picture Description,Yes,our_preprocessed_validation.csv
kmup,Picture Description,Yes,our_preprocessed_train.csv
kmvd,Picture Description,Yes,our_preprocessed_test.csv
knon,Sentence Reading,Yes,our_preprocessed_test.csv
knrh,Picture Description,Yes,our_preprocessed_train.csv
knsf,Picture Description,Yes,our_preprocessed_test.csv
koel,Sentence Reading,Yes,our_preprocessed_validation.csv
kojw,Picture Description,Yes,our_preprocessed_train.csv
kona,Sentence Reading,Yes,our_preprocessed_train.csv
koox,Picture Description,Yes,our_preprocessed_train.csv
kozv,Picture Description,Yes,our_preprocessed_train.csv
kpai,Picture Description,Yes,our_preprocessed_validation.csv
kpcc,Picture Description,Yes,our_preprocessed_train.csv
kper,Picture Description,Yes,our_preprocessed_test.csv
kqay,Voice Assistant,Yes,our_preprocessed_train.csv
kqfj,Picture Description,Yes,our_preprocessed_test.csv
kqup,Picture Description,Yes,our_preprocessed_test.csv
kqyv,Picture Description,Yes,our_preprocessed_train.csv
krkn,Sentence Reading,Yes,our_preprocessed_train.csv
krlh,Sentence Reading,Yes,our_preprocessed_test.csv
krpx,Picture Description,Yes,our_preprocessed_train.csv
kryh,Picture Description,Yes,our_preprocessed_train.csv
ksax,Picture Description,Yes,our_preprocessed_train.csv
ksig,Picture Description,Yes,our_preprocessed_test.csv
ksuq,Picture Description,Yes,our_preprocessed_train.csv
ksyn,Picture Description,Yes,our_preprocessed_train.csv
ktat,Picture Description,Yes,our_preprocessed_test.csv
ktja,Picture Description,Yes,our_preprocessed_test.csv
ktsg,Picture Description,Yes,our_preprocessed_test.csv
kuew,Picture Description,Yes,our_preprocessed_train.csv
kuiz,Picture Description,Yes,our_preprocessed_train.csv
kukq,Sentence Reading,Yes,our_preprocessed_train.csv
kusx,Picture Description,Yes,our_preprocessed_train.csv
kuzt,Sentence Reading,Yes,our_preprocessed_train.csv
kvfz,Sentence Reading,Yes,our_preprocessed_test.csv
kwdh,Picture Description,Yes,our_preprocessed_test.csv
kwlj,Picture Description,Yes,our_preprocessed_train.csv
kwqg,Picture Description,Yes,our_preprocessed_train.csv
kxfc,Sentence Reading,Yes,our_preprocessed_test.csv
kxmn,Sentence Reading,Yes,our_preprocessed_train.csv
kxos,Picture Description,Yes,our_preprocessed_train.csv
kxpe,Picture Description,Yes,our_preprocessed_train.csv
kxph,Picture Description,Yes,our_preprocessed_validation.csv
kyiv,Picture Description,Yes,our_preprocessed_train.csv
kyms,Semantic Verbal Fluency,Yes,our_preprocessed_validation.csv
kytt,Picture Description,Yes,our_preprocessed_test.csv
kzaa,Picture Description,Yes,our_preprocessed_train.csv
kzja,Picture Description,Yes,our_preprocessed_test.csv
kzkr,Picture Description,Yes,our_preprocessed_validation.csv
laek,Picture Description,Yes,our_preprocessed_train.csv
laln,Picture Description,Yes,our_preprocessed_train.csv
laum,Picture Description,Yes,our_preprocessed_train.csv
lazn,Picture Description,Yes,our_preprocessed_train.csv
lbjl,Picture Description,Yes,our_preprocessed_train.csv
lbjz,Picture Description,Yes,our_preprocessed_train.csv
lbku,Picture Description,Yes,our_preprocessed_validation.csv
lbnr,Semantic Verbal Fluency,Yes,our_preprocessed_train.csv
lcqx,Picture Description,Yes,our_preprocessed_test.csv
lctq,Picture Description,Yes,our_preprocessed_train.csv
ldml,Voice Assistant,Yes,our_preprocessed_train.csv
ldqt,Picture Description,Yes,our_preprocessed_train.csv
lduc,Picture Description,Yes,our_preprocessed_test.csv
ldug,Picture Description,Yes,our_preprocessed_validation.csv
lebi,Picture Description,Yes,our_preprocessed_train.csv
lecw,Picture Description,Yes,our_preprocessed_validation.csv
lekv,Picture Description,Yes,our_preprocessed_train.csv
lfal,Picture Description,Yes,our_preprocessed_test.csv
lfpi,Semantic Verbal Fluency,Yes,our_preprocessed_train.csv
lgcr,Sentence Reading,Yes,our_preprocessed_train.csv
lgid,Semantic Verbal Fluency,Yes,our_preprocessed_test.csv
lgmc,Picture Description,Yes,our_preprocessed_test.csv
lgve,Picture Description,Yes,our_preprocessed_train.csv
lhcy,Picture Description,Yes,our_preprocessed_train.csv
lhdj,Picture Description,Yes,our_preprocessed_train.csv
lhky,Picture Description,Yes,our_preprocessed_train.csv
lhpl,Picture Description,Yes,our_preprocessed_train.csv
lhrb,Sentence Reading,Yes,our_preprocessed_train.csv
liij,Picture Description,Yes,our_preprocessed_test.csv
liql,Picture Description,Yes,our_preprocessed_validation.csv
liya,Personal Narrative,Yes,our_preprocessed_validation.csv
ljpj,Picture Description,Yes,our_preprocessed_train.csv
ljrv,Picture Description,Yes,our_preprocessed_train.csv
ljyz,Picture Description,Yes,our_preprocessed_validation.csv
lkie,Picture Description,Yes,our_preprocessed_test.csv
lkka,Sentence Reading,Yes,our_preprocessed_train.csv
lkoj,Picture Description,Yes,our_preprocessed_train.csv
llfa,Sentence Reading,Yes,our_preprocessed_train.csv
llkz,Picture Description,Yes,our_preprocessed_train.csv
llnv,Picture Description,Yes,our_preprocessed_train.csv
lmeq,Picture Description,Yes,our_preprocessed_train.csv
lmwe,Voice Assistant,Yes,our_preprocessed_train.csv
lnle,Picture Description,Yes,our_preprocessed_train.csv
lnly,Picture Description,Yes,our_preprocessed_train.csv
lntf,Personal Narrative,Yes,our_preprocessed_train.csv
lolv,Picture Description,Yes,our_preprocessed_validation.csv
lovi,Semantic Verbal Fluency,Yes,our_preprocessed_validation.csv
lpyc,Picture Description,Yes,our_preprocessed_test.csv
lqvk,Sentence Reading,Yes,our_preprocessed_train.csv
lqwn,Picture Description,Yes,our_preprocessed_validation.csv
lrcz,Sentence Reading,Yes,our_preprocessed_train.csv
lrzy,Picture Description,Yes,our_preprocessed_train.csv
lskc,Picture Description,Yes,our_preprocessed_train.csv
lsoz,Sentence Reading,Yes,our_preprocessed_train.csv
lstp,Picture Description,Yes,our_preprocessed_validation.csv
lsxt,Picture Description,Yes,our_preprocessed_train.csv
lsys,Voice Assistant,Yes,our_preprocessed_test.csv
ltbw,Picture Description,Yes,our_preprocessed_train.csv
ltvd,Picture Description,Yes,our_preprocessed_train.csv
luhs,Picture Description,Yes,our_preprocessed_train.csv
lunm,Other,Yes,our_preprocessed_train.csv
lunv,Voice Assistant,Yes,our_preprocessed_validation.csv
lusr,Other,Yes,our_preprocessed_validation.csv
luxv,Picture Description,Yes,our_preprocessed_validation.csv
lvap,Picture Description,Yes,our_preprocessed_train.csv
lvch,Picture Description,Yes,our_preprocessed_train.csv
lvcr,Picture Description,Yes,our_preprocessed_train.csv
lvfu,Picture Description,Yes,our_preprocessed_test.csv
lvrr,Picture Description,Yes,our_preprocessed_train.csv
lvtb,Picture Description,Yes,our_preprocessed_train.csv
lvtd,Picture Description,Yes,our_preprocessed_train.csv
lvvk,Sentence Reading,Yes,our_preprocessed_train.csv
lvvp,Picture Description,Yes,our_preprocessed_train.csv
lvzm,Picture Description,Yes,our_preprocessed_train.csv
lwbo,Picture Description,Yes,our_preprocessed_train.csv
lweq,Picture Description,Yes,our_preprocessed_train.csv
lwpn,Semantic Verbal Fluency,No,our_preprocessed_train.csv
lwvt,Voice Assistant,Yes,our_preprocessed_train.csv
lwxg,Picture Description,Yes,our_preprocessed_train.csv
lxbg,Picture Description,Yes,our_preprocessed_test.csv
lxee,Picture Description,Yes,our_preprocessed_train.csv
lxlq,Picture Description,Yes,our_preprocessed_train.csv
lxri,Sentence Reading,Yes,our_preprocessed_train.csv
lxug,Picture Description,Yes,our_preprocessed_train.csv
lypr,Picture Description,Yes,our_preprocessed_test.csv
lzle,Picture Description,Yes,our_preprocessed_train.csv
manc,Picture Description,Yes,our_preprocessed_train.csv
mapx,Picture Description,Yes,our_preprocessed_validation.csv
maxj,Picture Description,Yes,our_preprocessed_train.csv
mbzl,Picture Description,Yes,our_preprocessed_test.csv
mciv,Sentence Reading,Yes,our_preprocessed_train.csv
mclt,Picture Description,Yes,our_preprocessed_train.csv
mcnp,Sentence Reading,Yes,our_preprocessed_train.csv
mcuf,Sentence Reading,Yes,our_preprocessed_train.csv
mdgc,Picture Description,Yes,our_preprocessed_train.csv
mdif,Picture Description,Yes,our_preprocessed_train.csv
mdit,Picture Description,Yes,our_preprocessed_test.csv
mdvx,Picture Description,Yes,our_preprocessed_test.csv
mefx,Picture Description,Yes,our_preprocessed_train.csv
megp,Picture Description,Yes,our_preprocessed_train.csv
meos,Picture Description,Yes,our_preprocessed_test.csv
meps,Personal Narrative,Yes,our_preprocessed_validation.csv
meqh,Sentence Reading,Yes,our_preprocessed_train.csv
mfai,Picture Description,Yes,our_preprocessed_train.csv
mfdl,Sentence Reading,Yes,our_preprocessed_train.csv
mfiz,Picture Description,Yes,our_preprocessed_train.csv
mfmy,Personal Narrative,Yes,our_preprocessed_validation.csv
mfnf,Other,Yes,our_preprocessed_train.csv
mfpp,Picture Description,Yes,our_preprocessed_test.csv
mfqq,Picture Description,Yes,our_preprocessed_test.csv
mgcf,Picture Description,Yes,our_preprocessed_train.csv
mgfh,Picture Description,Yes,our_preprocessed_train.csv
mgiy,Picture Description,Yes,our_preprocessed_train.csv
mgmw,Picture Description,Yes,our_preprocessed_validation.csv
mgqe,Picture Description,Yes,our_preprocessed_train.csv
mgzz,Story Recall,Yes,our_preprocessed_train.csv
mhao,Picture Description,Yes,our_preprocessed_train.csv
mhiu,Sentence Reading,Yes,our_preprocessed_test.csv
mhxr,Picture Description,Yes,our_preprocessed_validation.csv
mivf,Picture Description,Yes,our_preprocessed_test.csv
mjgl,Picture Description,Yes,our_preprocessed_test.csv
mjqh,Picture Description,Yes,our_preprocessed_validation.csv
mjrf,Picture Description,Yes,our_preprocessed_train.csv
mjxf,Sentence Reading,Yes,our_preprocessed_train.csv
mjxq,Picture Description,Yes,our_preprocessed_train.csv
mkgw,Picture Description,Yes,our_preprocessed_validation.csv
mkmt,Picture Description,Yes,our_preprocessed_validation.csv
mksq,Picture Description,Yes,our_preprocessed_train.csv
mkya,Picture Description,Yes,our_preprocessed_train.csv
mmck,Story Recall,Yes,our_preprocessed_train.csv
mmcr,Picture Description,Yes,our_preprocessed_train.csv
mmvi,Sentence Reading,Yes,our_preprocessed_validation.csv
mmxq,Picture Description,Yes,our_preprocessed_train.csv
mouc,Sentence Reading,Yes,our_preprocessed_train.csv
moyb,Sentence Reading,Yes,our_preprocessed_train.csv
mphi,Picture Description,Yes,our_preprocessed_train.csv
mpil,Picture Description,Yes,our_preprocessed_test.csv
mpuj,Sentence Reading,Yes,our_preprocessed_train.csv
mpws,Picture Description,Yes,our_preprocessed_train.csv
mqap,Picture Description,Yes,our_preprocessed_train.csv
mqgy,Picture Description,Yes,our_preprocessed_test.csv
mqic,Picture Description,Yes,our_preprocessed_validation.csv
mqlv,Picture Description,Yes,our_preprocessed_train.csv
mqug,Sentence Reading,Yes,our_preprocessed_train.csv
mqvp,Picture Description,Yes,our_preprocessed_test.csv
mrah,Picture Description,Yes,our_preprocessed_test.csv
mrgm,Picture Description,Yes,our_preprocessed_train.csv
mrll,Sentence Reading,Yes,our_preprocessed_train.csv
mryi,Voice Assistant,Yes,our_preprocessed_train.csv
msku,Picture Description,Yes,our_preprocessed_validation.csv
msql,Picture Description,Yes,our_preprocessed_test.csv
mtbm,Picture Description,Yes,our_preprocessed_train.csv
mtfh,Picture Description,Yes,our_preprocessed_validation.csv
mtnx,Picture Description,Yes,our_preprocessed_train.csv
mtnz,Picture Description,Yes,our_preprocessed_validation.csv
mtos,Semantic Verbal Fluency,Yes,our_preprocessed_train.csv
mtsa,Picture Description,Yes,our_preprocessed_train.csv
mttk,Semantic Verbal Fluency,Yes,our_preprocessed_train.csv
mumm,Sentence Reading,Yes,our_preprocessed_train.csv
mvfm,Sentence Reading,Yes,our_preprocessed_train.csv
mvlw,Voice Assistant,Yes,our_preprocessed_train.csv
mvrq,Picture Description,Yes,our_preprocessed_train.csv
mwao,Picture Description,Yes,our_preprocessed_train.csv
mwmx,Picture Description,Yes,our_preprocessed_train.csv
mwts,Picture Description,Yes,our_preprocessed_train.csv
mxbw,Voice Assistant,Yes,our_preprocessed_train.csv
mxdn,Sentence Reading,Yes,our_preprocessed_train.csv
mxhi,Picture Description,Yes,our_preprocessed_train.csv
mxvn,Picture Description,Yes,our_preprocessed_test.csv
mykj,Picture Description,Yes,our_preprocessed_train.csv
myzj,Picture Description,Yes,our_preprocessed_train.csv
mzea,Sentence Reading,Yes,our_preprocessed_validation.csv
mzfu,Sentence Reading,Yes,our_preprocessed_validation.csv
narj,Picture Description,Yes,our_preprocessed_train.csv
nbbs,Picture Description,Yes,our_preprocessed_validation.csv
nbwn,Picture Description,Yes,our_preprocessed_validation.csv
nbxr,Sentence Reading,Yes,our_preprocessed_train.csv
nbxw,Sentence Reading,Yes,our_preprocessed_test.csv
ncbr,Voice Assistant,Yes,our_preprocessed_test.csv
ncmg,Picture Description,Yes,our_preprocessed_train.csv
ncpc,Voice Assistant,Yes,our_preprocessed_train.csv
ndbh,Picture Description,Yes,our_preprocessed_test.csv
ndly,Picture Description,Yes,our_preprocessed_train.csv
nebc,Picture Description,Yes,our_preprocessed_train.csv
nedw,Picture Description,Yes,our_preprocessed_train.csv
nefi,Picture Description,Yes,our_preprocessed_train.csv
neul,Picture Description,Yes,our_preprocessed_train.csv
newj,Picture Description,Yes,our_preprocessed_train.csv
nfpk,Picture Description,Yes,our_preprocessed_train.csv
nhcz,Picture Description,Yes,our_preprocessed_train.csv
nhrt,Picture Description,Yes,our_preprocessed_train.csv
nhrv,Voice Assistant,Yes,our_preprocessed_train.csv
nikf,Picture Description,Yes,our_preprocessed_train.csv
nisr,Picture Description,Yes,our_preprocessed_train.csv
njjw,Sentence Reading,Yes,our_preprocessed_validation.csv
nkkc,Picture Description,Yes,our_preprocessed_train.csv
nkou,Picture Description,Yes,our_preprocessed_train.csv
nkup,Picture Description,Yes,our_preprocessed_validation.csv
nlla,Picture Description,Yes,our_preprocessed_validation.csv
nlmh,Picture Description,Yes,our_preprocessed_train.csv
nmdf,Picture Description,Yes,our_preprocessed_train.csv
nmqh,Sentence Reading,Yes,our_preprocessed_train.csv
nmsf,Sentence Reading,Yes,our_preprocessed_validation.csv
nmzp,Picture Description,Yes,our_preprocessed_test.csv
nmzv,Picture Description,Yes,our_preprocessed_train.csv
nnty,Picture Description,Yes,our_preprocessed_train.csv
noom,Picture Description,Yes,our_preprocessed_train.csv
notq,Picture Description,Yes,our_preprocessed_test.csv
npdy,Picture Description,Yes,our_preprocessed_test.csv
npfv,Picture Description,Yes,our_preprocessed_test.csv
nrdn,Picture Description,Yes,our_preprocessed_test.csv
nrez,Picture Description,Yes,our_preprocessed_train.csv
nrhi,Picture Description,Yes,our_preprocessed_train.csv
nsft,Picture Description,Yes,our_preprocessed_train.csv
ntje,Picture Description,Yes,our_preprocessed_train.csv
ntqx,Picture Description,Yes,our_preprocessed_train.csv
ntvp,Picture Description,Yes,our_preprocessed_validation.csv
nubm,Picture Description,Yes,our_preprocessed_train.csv
nuum,Picture Description,Yes,our_preprocessed_train.csv
nuve,Picture Description,Yes,our_preprocessed_train.csv
nvjb,Picture Description,Yes,our_preprocessed_train.csv
nvyd,Picture Description,Yes,our_preprocessed_train.csv
nwco,Picture Description,Yes,our_preprocessed_validation.csv
nwiw,Sentence Reading,Yes,our_preprocessed_train.csv
nwju,Other,Yes,our_preprocessed_train.csv
nwnx,Picture Description,Yes,our_preprocessed_test.csv
nwqn,Picture Description,Yes,our_preprocessed_train.csv
nxjp,Picture Description,Yes,our_preprocessed_test.csv
nyjp,Picture Description,Yes,our_preprocessed_train.csv
nyrj,Picture Description,Yes,our_preprocessed_train.csv
nywx,Other,Yes,our_preprocessed_train.csv
nzfd,Sentence Reading,Yes,our_preprocessed_train.csv
oaav,Picture Description,Yes,our_preprocessed_validation.csv
oaje,Picture Description,Yes,our_preprocessed_train.csv
oasg,Picture Description,Yes,our_preprocessed_train.csv
oasi,Picture Description,Yes,our_preprocessed_test.csv
oawa,Sentence Reading,Yes,our_preprocessed_test.csv
obvt,Picture Description,Yes,our_preprocessed_train.csv
ocbn,Picture Description,Yes,our_preprocessed_train.csv
ocjk,Picture Description,Yes,our_preprocessed_train.csv
ocli,Picture Description,Yes,our_preprocessed_validation.csv
ocqr,Sentence Reading,Yes,our_preprocessed_train.csv
odfc,Picture Description,Yes,our_preprocessed_train.csv
odrl,Picture Description,Yes,our_preprocessed_train.csv
odsf,Picture Description,Yes,our_preprocessed_train.csv
oebq,Picture Description,Yes,our_preprocessed_train.csv
oees,Voice Assistant,Yes,our_preprocessed_train.csv
oeft,Sentence Reading,Yes,our_preprocessed_train.csv
oelh,Picture Description,Yes,our_preprocessed_validation.csv
ofaz,Sentence Reading,Yes,our_preprocessed_test.csv
ofhi,Picture Description,Yes,our_preprocessed_train.csv
oghy,Voice Assistant,Yes,our_preprocessed_train.csv
ogue,Sentence Reading,Yes,our_preprocessed_test.csv
ohti,Picture Description,Yes,our_preprocessed_train.csv
ohvg,Picture Description,Yes,our_preprocessed_test.csv
ohvh,Picture Description,Yes,our_preprocessed_train.csv
oixw,Picture Description,Yes,our_preprocessed_train.csv
ojmf,Picture Description,Yes,our_preprocessed_train.csv
ojvu,Voice Assistant,Yes,our_preprocessed_train.csv
okcw,Sentence Reading,Yes,our_preprocessed_train.csv
okip,Other,Yes,our_preprocessed_train.csv
okri,Picture Description,Yes,our_preprocessed_train.csv
olaa,Picture Description,Yes,our_preprocessed_train.csv
olcy,Sentence Reading,Yes,our_preprocessed_train.csv
olnn,Picture Description,Yes,our_preprocessed_train.csv
oloe,Picture Description,Yes,our_preprocessed_train.csv
olub,Voice Assistant,Yes,our_preprocessed_train.csv
olwg,Picture Description,Yes,our_preprocessed_train.csv
omct,Picture Description,Yes,our_preprocessed_train.csv
omde,Picture Description,Yes,our_preprocessed_test.csv
omen,Picture Description,Yes,our_preprocessed_train.csv
omlc,Picture Description,Yes,our_preprocessed_test.csv
omli,Picture Description,Yes,our_preprocessed_validation.csv
omnt,Picture Description,Yes,our_preprocessed_train.csv
ompb,Picture Description,Yes,our_preprocessed_train.csv
ompz,Picture Description,Yes,our_preprocessed_train.csv
onio,Picture Description,Yes,our_preprocessed_test.csv
oniv,Picture Description,Yes,our_preprocessed_validation.csv
onkt,Picture Description,Yes,our_preprocessed_train.csv
onlv,Voice Assistant,Yes,our_preprocessed_train.csv
onok,Picture Description,Yes,our_preprocessed_validation.csv
onsw,Picture Description,Yes,our_preprocessed_train.csv
onsz,Picture Description,Yes,our_preprocessed_train.csv
ontl,Picture Description,Yes,our_preprocessed_validation.csv
onww,Picture Description,Yes,our_preprocessed_validation.csv
oobv,Picture Description,Yes,our_preprocessed_validation.csv
oodd,Picture Description,Yes,our_preprocessed_test.csv
ooxt,Picture Description,Yes,our_preprocessed_validation.csv
oozv,Picture Description,Yes,our_preprocessed_validation.csv
opcd,Picture Description,Yes,our_preprocessed_train.csv
opkc,Semantic Verbal Fluency,Yes,our_preprocessed_test.csv
oprr,Picture Description,Yes,our_preprocessed_test.csv
opsw,Semantic Verbal Fluency,Yes,our_preprocessed_train.csv
opvv,Sentence Reading,Yes,our_preprocessed_test.csv
oqea,Picture Description,Yes,our_preprocessed_train.csv
oqkr,Picture Description,Yes,our_preprocessed_train.csv
oqoh,Picture Description,Yes,our_preprocessed_validation.csv
oqpj,Sentence Reading,Yes,our_preprocessed_train.csv
oqxm,Voice Assistant,Yes,our_preprocessed_test.csv
orar,Picture Description,Yes,our_preprocessed_test.csv
osjg,Picture Description,Yes,our_preprocessed_train.csv
otma,Picture Description,Yes,our_preprocessed_test.csv
otmd,Picture Description,Yes,our_preprocessed_train.csv
otmw,Sentence Reading,Yes,our_preprocessed_train.csv
otnq,Sentence Reading,Yes,our_preprocessed_train.csv
otru,Picture Description,Yes,our_preprocessed_validation.csv
otym,Picture Description,Yes,our_preprocessed_test.csv
ouap,Semantic Verbal Fluency,Yes,our_preprocessed_test.csv
ouev,Picture Description,Yes,our_preprocessed_test.csv
oufk,Picture Description,Yes,our_preprocessed_train.csv
oukj,Picture Description,Yes,our_preprocessed_train.csv
ouua,Picture Description,Yes,our_preprocessed_train.csv
ovbj,Picture Description,Yes,our_preprocessed_validation.csv
ovga,Picture Description,Yes,our_preprocessed_train.csv
ovko,Picture Description,Yes,our_preprocessed_test.csv
ovmj,Picture Description,Yes,our_preprocessed_train.csv
ovsn,Picture Description,Yes,our_preprocessed_test.csv
ovvk,Sentence Reading,Yes,our_preprocessed_test.csv
ovxb,Other,Yes,our_preprocessed_validation.csv
owie,Picture Description,Yes,our_preprocessed_train.csv
owvw,Picture Description,Yes,our_preprocessed_train.csv
oxbt,Story Recall,Yes,our_preprocessed_train.csv
oxeg,Picture Description,Yes,our_preprocessed_validation.csv
oxxr,Picture Description,Yes,our_preprocessed_test.csv
oypd,Picture Description,Yes,our_preprocessed_validation.csv
oyrw,Picture Description,Yes,our_preprocessed_train.csv
ozei,Picture Description,Yes,our_preprocessed_train.csv
ozhx,Picture Description,Yes,our_preprocessed_train.csv
ozkk,Picture Description,Yes,our_preprocessed_validation.csv
ozkv,Picture Description,Yes,our_preprocessed_train.csv
ozof,Other,No,our_preprocessed_validation.csv
ozus,Picture Description,Yes,our_preprocessed_train.csv
ozzx,Picture Description,Yes,our_preprocessed_train.csv
pabc,Sentence Reading,Yes,our_preprocessed_train.csv
pakl,Picture Description,Yes,our_preprocessed_train.csv
pbda,Picture Description,Yes,our_preprocessed_train.csv
pbir,Personal Narrative,Yes,our_preprocessed_train.csv
pbjt,Picture Description,Yes,our_preprocessed_train.csv
pbsm,Picture Description,Yes,our_preprocessed_train.csv
pccw,Picture Description,Yes,our_preprocessed_validation.csv
pcto,Picture Description,Yes,our_preprocessed_test.csv
pdda,Sentence Reading,Yes,our_preprocessed_test.csv
pdok,Picture Description,Yes,our_preprocessed_train.csv
pdrn,Picture Description,Yes,our_preprocessed_train.csv
pdww,Picture Description,Yes,our_preprocessed_test.csv
pdyc,Picture Description,Yes,our_preprocessed_train.csv
pedu,Personal Narrative,Yes,our_preprocessed_test.csv
peoy,Picture Description,Yes,our_preprocessed_test.csv
pfbv,Picture Description,Yes,our_preprocessed_test.csv
pfns,Picture Description,Yes,our_preprocessed_test.csv
pfsz,Picture Description,Yes,our_preprocessed_train.csv
pfyx,Picture Description,Yes,our_preprocessed_test.csv
pgab,Picture Description,Yes,our_preprocessed_train.csv
pgam,Picture Description,Yes,our_preprocessed_train.csv
pggr,Picture Description,Yes,our_preprocessed_test.csv
pggu,Picture Description,Yes,our_preprocessed_test.csv
phfq,Picture Description,Yes,our_preprocessed_train.csv
phna,Picture Description,Yes,our_preprocessed_train.csv
phnf,Picture Description,Yes,our_preprocessed_validation.csv
piur,Picture Description,Yes,our_preprocessed_test.csv
pizj,Picture Description,Yes,our_preprocessed_train.csv
pjcy,Picture Description,Yes,our_preprocessed_validation.csv
pjex,Voice Assistant,Yes,our_preprocessed_validation.csv
pkqt,Picture Description,Yes,our_preprocessed_train.csv
pkxs,Picture Description,Yes,our_preprocessed_train.csv
plau,Personal Narrative,Yes,our_preprocessed_train.csv
plpu,Semantic Verbal Fluency,Yes,our_preprocessed_train.csv
plsq,Sentence Reading,Yes,our_preprocessed_validation.csv
pmpn,Sentence Reading,Yes,our_preprocessed_validation.csv
pmsp,Picture Description,Yes,our_preprocessed_train.csv
pmvs,Picture Description,Yes,our_preprocessed_train.csv
pnjb,Picture Description,Yes,our_preprocessed_test.csv
podx,Voice Assistant,Yes,our_preprocessed_test.csv
pouf,Picture Description,Yes,our_preprocessed_validation.csv
ppkg,Sentence Reading,Yes,our_preprocessed_train.csv
ppmz,Sentence Reading,Yes,our_preprocessed_test.csv
ppsd,Picture Description,Yes,our_preprocessed_train.csv
pqlh,Picture Description,Yes,our_preprocessed_validation.csv
pqzp,Picture Description,Yes,our_preprocessed_validation.csv
praz,Picture Description,Yes,our_preprocessed_train.csv
prqz,Picture Description,Yes,our_preprocessed_train.csv
prsb,Picture Description,Yes,our_preprocessed_train.csv
psih,Picture Description,Yes,our_preprocessed_train.csv
ptcr,Voice Assistant,Yes,our_preprocessed_train.csv
ptrf,Picture Description,Yes,our_preprocessed_train.csv
ptsa,Sentence Reading,Yes,our_preprocessed_train.csv
ptsv,Picture Description,Yes,our_preprocessed_test.csv
ptwe,Picture Description,Yes,our_preprocessed_test.csv
ptwv,Picture Description,Yes,our_preprocessed_test.csv
punh,Picture Description,Yes,our_preprocessed_train.csv
puom,Picture Description,Yes,our_preprocessed_train.csv
puur,Sentence Reading,Yes,our_preprocessed_test.csv
pvcc,Picture Description,Yes,our_preprocessed_train.csv
pvfg,Sentence Reading,Yes,our_preprocessed_train.csv
pvou,Picture Description,Yes,our_preprocessed_train.csv
pwaq,Picture Description,Yes,our_preprocessed_train.csv
pwiq,Picture Description,Yes,our_preprocessed_test.csv
pwjk,Picture Description,Yes,our_preprocessed_train.csv
pwop,Picture Description,Yes,our_preprocessed_validation.csv
pwpb,Picture Description,Yes,our_preprocessed_validation.csv
pwsa,Picture Description,Yes,our_preprocessed_train.csv
pxfa,Picture Description,Yes,our_preprocessed_train.csv
pxqb,Story Recall,Yes,our_preprocessed_train.csv
pxqc,Voice Assistant,Yes,our_preprocessed_train.csv
pxye,Picture Description,Yes,our_preprocessed_validation.csv
pyea,Picture Description,Yes,our_preprocessed_train.csv
pyki,Picture Description,Yes,our_preprocessed_train.csv
pyof,Picture Description,Yes,our_preprocessed_validation.csv
pytr,Picture Description,Yes,our_preprocessed_train.csv
pyvy,Picture Description,Yes,our_preprocessed_train.csv
pzdb,Voice Assistant,Yes,our_preprocessed_train.csv
pzoi,Voice Assistant,Yes,our_preprocessed_train.csv
qaqk,Sentence Reading,Yes,our_preprocessed_validation.csv
qatz,Semantic Verbal Fluency,Yes,our_preprocessed_validation.csv
qavc,Picture Description,Yes,our_preprocessed_train.csv
qbce,Picture Description,Yes,our_preprocessed_test.csv
qbif,Picture Description,Yes,our_preprocessed_validation.csv
qbil,Picture Description,Yes,our_preprocessed_train.csv
qbno,Picture Description,Yes,our_preprocessed_train.csv
qbqi,Picture Description,Yes,our_preprocessed_validation.csv
qbqt,Picture Description,Yes,our_preprocessed_train.csv
qbvd,Picture Description,Yes,our_preprocessed_train.csv
qbzk,Picture Description,Yes,our_preprocessed_train.csv
qcbf,Sentence Reading,Yes,our_preprocessed_train.csv
qcpc,Picture Description,Yes,our_preprocessed_train.csv
qcrb,Picture Description,Yes,our_preprocessed_train.csv
qddf,Picture Description,Yes,our_preprocessed_train.csv
qdmq,Other,Yes,our_preprocessed_test.csv
qdyv,Voice Assistant,Yes,our_preprocessed_train.csv
qejc,Picture Description,Yes,our_preprocessed_train.csv
qevi,Picture Description,Yes,our_preprocessed_train.csv
qfli,Picture Description,Yes,our_preprocessed_train.csv
qfyq,Picture Description,Yes,our_preprocessed_test.csv
qfzh,Picture Description,Yes,our_preprocessed_validation.csv
qgbk,Picture Description,Yes,our_preprocessed_train.csv
qgbp,Picture Description,Yes,our_preprocessed_train.csv
qgfg,Story Recall,Yes,our_preprocessed_train.csv
qgxn,Voice Assistant,Yes,our_preprocessed_train.csv
qhjd,Picture Description,Yes,our_preprocessed_train.csv
qhme,Picture Description,Yes,our_preprocessed_train.csv
qiib,Sentence Reading,Yes,our_preprocessed_test.csv
qjga,Picture Description,Yes,our_preprocessed_train.csv
qjgi,Picture Description,No,our_preprocessed_train.csv
qjiu,Sentence Reading,Yes,our_preprocessed_train.csv
qkiv,Picture Description,Yes,our_preprocessed_test.csv
qknn,Picture Description,Yes,our_preprocessed_train.csv
qkpp,Voice Assistant,Yes,our_preprocessed_train.csv
qlaz,Picture Description,Yes,our_preprocessed_test.csv
qmid,Picture Description,Yes,our_preprocessed_train.csv
qmmy,Picture Description,Yes,our_preprocessed_train.csv
qmsa,Picture Description,Yes,our_preprocessed_test.csv
qmut,Picture Description,Yes,our_preprocessed_validation.csv
qnae,Picture Description,Yes,our_preprocessed_train.csv
qneb,Voice Assistant,Yes,our_preprocessed_train.csv
qnrj,Sentence Reading,Yes,our_preprocessed_validation.csv
qnvo,Picture Description,Yes,our_preprocessed_test.csv
qobt,Picture Description,Yes,our_preprocessed_train.csv
qojc,Picture Description,Yes,our_preprocessed_train.csv
qort,Picture Description,Yes,our_preprocessed_test.csv
qpdk,Story Recall,Yes,our_preprocessed_train.csv
qpeo,Picture Description,Yes,our_preprocessed_test.csv
qprv,Picture Description,Yes,our_preprocessed_validation.csv
qpyw,Story Recall,Yes,our_preprocessed_test.csv
qpzs,Picture Description,Yes,our_preprocessed_test.csv
qqoa,Picture Description,Yes,our_preprocessed_validation.csv
qqxs,Personal Narrative,Yes,our_preprocessed_train.csv
qrhe,Picture Description,Yes,our_preprocessed_train.csv
qrlg,Picture Description,Yes,our_preprocessed_train.csv
qroo,Semantic Verbal Fluency,Yes,our_preprocessed_train.csv
qrth,Picture Description,Yes,our_preprocessed_validation.csv
qryx,Picture Description,Yes,our_preprocessed_validation.csv
qrzc,Picture Description,Yes,our_preprocessed_validation.csv
qshw,Picture Description,Yes,our_preprocessed_train.csv
qtiw,Picture Description,Yes,our_preprocessed_train.csv
qtws,Picture Description,Yes,our_preprocessed_train.csv
qtxw,Picture Description,Yes,our_preprocessed_train.csv
qudq,Picture Description,Yes,our_preprocessed_train.csv
quet,Picture Description,Yes,our_preprocessed_validation.csv
qvov,Sentence Reading,Yes,our_preprocessed_train.csv
qwgo,Picture Description,Yes,our_preprocessed_train.csv
qwny,Sentence Reading,Yes,our_preprocessed_train.csv
qwos,Voice Assistant,Yes,our_preprocessed_train.csv
qxbb,Sentence Reading,Yes,our_preprocessed_train.csv
qxcu,Sentence Reading,Yes,our_preprocessed_test.csv
qxvj,Picture Description,Yes,our_preprocessed_train.csv
qxwf,Picture Description,Yes,our_preprocessed_validation.csv
qyjh,Picture Description,Yes,our_preprocessed_validation.csv
qywr,Picture Description,Yes,our_preprocessed_validation.csv
qzdq,Picture Description,Yes,our_preprocessed_train.csv
qzgf,Voice Assistant,Yes,our_preprocessed_test.csv
radq,Picture Description,Yes,our_preprocessed_test.csv
rall,Picture Description,Yes,our_preprocessed_train.csv
rbto,Picture Description,Yes,our_preprocessed_train.csv
rbxd,Picture Description,Yes,our_preprocessed_train.csv
rcek,Sentence Reading,Yes,our_preprocessed_train.csv
rcts,Picture Description,Yes,our_preprocessed_train.csv
rdle,Picture Description,Yes,our_preprocessed_train.csv
rdlm,Picture Description,Yes,our_preprocessed_train.csv
redt,Sentence Reading,Yes,our_preprocessed_train.csv
rege,Sentence Reading,Yes,our_preprocessed_test.csv
renw,Picture Description,Yes,our_preprocessed_validation.csv
rewq,Picture Description,Yes,our_preprocessed_validation.csv
rfgr,Picture Description,Yes,our_preprocessed_train.csv
rfls,Story Recall,Yes,our_preprocessed_train.csv
rfzk,Picture Description,Yes,our_preprocessed_validation.csv
rgkv,Sentence Reading,Yes,our_preprocessed_test.csv
rhbf,Picture Description,Yes,our_preprocessed_train.csv
rhpt,Picture Description,Yes,our_preprocessed_train.csv
rihs,Other,No,our_preprocessed_train.csv
rikr,Picture Description,Yes,our_preprocessed_train.csv
rily,Sentence Reading,Yes,our_preprocessed_train.csv
rixf,Picture Description,Yes,our_preprocessed_validation.csv
riyp,Picture Description,Yes,our_preprocessed_train.csv
rjmn,Picture Description,Yes,our_preprocessed_train.csv
rkej,Picture Description,Yes,our_preprocessed_train.csv
rkkt,Picture Description,Yes,our_preprocessed_train.csv
rkxi,Sentence Reading,Yes,our_preprocessed_test.csv
rlft,Sentence Reading,Yes,our_preprocessed_train.csv
rlls,Picture Description,Yes,our_preprocessed_validation.csv
rlvz,Picture Description,Yes,our_preprocessed_train.csv
rlxh,Voice Assistant,Yes,our_preprocessed_train.csv
rnlm,Picture Description,Yes,our_preprocessed_train.csv
rnsz,Picture Description,Yes,our_preprocessed_train.csv
rntv,Picture Description,Yes,our_preprocessed_train.csv
rnyx,Picture Description,Yes,our_preprocessed_train.csv
roge,Picture Description,Yes,our_preprocessed_train.csv
romo,Picture Description,Yes,our_preprocessed_train.csv
rpcn,Picture Description,Yes,our_preprocessed_train.csv
rpla,Sentence Reading,Yes,our_preprocessed_train.csv
rpou,Personal Narrative,Yes,our_preprocessed_train.csv
rpvp,Picture Description,Yes,our_preprocessed_test.csv
rqsj,Picture Description,Yes,our_preprocessed_test.csv
rqyj,Picture Description,Yes,our_preprocessed_train.csv
rrce,Picture Description,Yes,our_preprocessed_validation.csv
rrmy,Semantic Verbal Fluency,Yes,our_preprocessed_train.csv
rscl,Picture Description,Yes,our_preprocessed_train.csv
rsoy,Picture Description,Yes,our_preprocessed_train.csv
rtlq,Picture Description,Yes,our_preprocessed_train.csv
rtmd,Picture Description,Yes,our_preprocessed_train.csv
rtqs,Picture Description,Yes,our_preprocessed_train.csv
rtsh,Sentence Reading,Yes,our_preprocessed_validation.csv
rtsu,Sentence Reading,Yes,our_preprocessed_train.csv
rtvk,Sentence Reading,Yes,our_preprocessed_train.csv
rtvy,Picture Description,Yes,our_preprocessed_test.csv
rugj,Picture Description,Yes,our_preprocessed_train.csv
ruit,Picture Description,Yes,our_preprocessed_validation.csv
rulp,Picture Description,Yes,our_preprocessed_train.csv
ruod,Picture Description,Yes,our_preprocessed_train.csv
ruza,Sentence Reading,Yes,our_preprocessed_train.csv
rwgg,Sentence Reading,Yes,our_preprocessed_train.csv
rwnh,Sentence Reading,Yes,our_preprocessed_train.csv
rxli,Picture Description,No,our_preprocessed_train.csv
rxru,Picture Description,Yes,our_preprocessed_test.csv
rxuj,Sentence Reading,Yes,our_preprocessed_test.csv
ryab,Picture Description,Yes,our_preprocessed_train.csv
ryhk,Picture Description,Yes,our_preprocessed_validation.csv
ryht,Picture Description,Yes,our_preprocessed_train.csv
ryle,Picture Description,Yes,our_preprocessed_train.csv
rywp,Picture Description,Yes,our_preprocessed_train.csv
saiw,Picture Description,Yes,our_preprocessed_test.csv
sajw,Picture Description,Yes,our_preprocessed_train.csv
sakb,Picture Description,Yes,our_preprocessed_train.csv
saum,Sentence Reading,Yes,our_preprocessed_train.csv
sbim,Picture Description,Yes,our_preprocessed_train.csv
sbqw,Picture Description,Yes,our_preprocessed_train.csv
sbrr,Picture Description,Yes,our_preprocessed_train.csv
scum,Sentence Reading,Yes,our_preprocessed_train.csv
scyo,Voice Assistant,Yes,our_preprocessed_validation.csv
sczk,Picture Description,Yes,our_preprocessed_train.csv
sdba,Picture Description,Yes,our_preprocessed_train.csv
sdgf,Picture Description,Yes,our_preprocessed_train.csv
sdma,Picture Description,Yes,our_preprocessed_validation.csv
sdys,Picture Description,Yes,our_preprocessed_test.csv
sejh,Picture Description,Yes,our_preprocessed_train.csv
sews,Picture Description,Yes,our_preprocessed_train.csv
sfgz,Picture Description,Yes,our_preprocessed_train.csv
sfpd,Picture Description,Yes,our_preprocessed_test.csv
sfpk,Picture Description,Yes,our_preprocessed_test.csv
sfps,Sentence Reading,Yes,our_preprocessed_test.csv
sgep,Sentence Reading,Yes,our_preprocessed_train.csv
sgjq,Sentence Reading,Yes,our_preprocessed_train.csv
sgor,Picture Description,Yes,our_preprocessed_train.csv
shoj,Picture Description,Yes,our_preprocessed_train.csv
shor,Semantic Verbal Fluency,Yes,our_preprocessed_train.csv
shqc,Picture Description,Yes,our_preprocessed_train.csv
shzg,Picture Description,Yes,our_preprocessed_train.csv
sigv,Sentence Reading,Yes,our_preprocessed_train.csv
sisb,Picture Description,Yes,our_preprocessed_validation.csv
sivi,Sentence Reading,Yes,our_preprocessed_train.csv
sizc,Picture Description,Yes,our_preprocessed_validation.csv
sjtf,Picture Description,Yes,our_preprocessed_train.csv
sjub,Picture Description,Yes,our_preprocessed_test.csv
skht,Picture Description,Yes,our_preprocessed_validation.csv
skpe,Picture Description,Yes,our_preprocessed_train.csv
skrf,Picture Description,No,our_preprocessed_test.csv
slcg,Picture Description,Yes,our_preprocessed_validation.csv
slet,Picture Description,Yes,our_preprocessed_validation.csv
slzg,Picture Description,Yes,our_preprocessed_train.csv
smwa,Picture Description,Yes,our_preprocessed_train.csv
smxg,Sentence Reading,Yes,our_preprocessed_validation.csv
smym,Picture Description,Yes,our_preprocessed_train.csv
snjj,Picture Description,Yes,our_preprocessed_train.csv
snlh,Sentence Reading,Yes,our_preprocessed_validation.csv
snrv,Picture Description,Yes,our_preprocessed_train.csv
soae,Picture Description,Yes,our_preprocessed_train.csv
sobj,Sentence Reading,Yes,our_preprocessed_train.csv
sohk,Picture Description,Yes,our_preprocessed_validation.csv
sone,Picture Description,Yes,our_preprocessed_train.csv
spfr,Sentence Reading,Yes,our_preprocessed_test.csv
spph,Semantic Verbal Fluency,Yes,our_preprocessed_train.csv
sqom,Voice Assistant,Yes,our_preprocessed_test.csv
sqrf,Picture Description,Yes,our_preprocessed_train.csv
srjb,Picture Description,Yes,our_preprocessed_test.csv
srqp,Picture Description,Yes,our_preprocessed_train.csv
ssbu,Story Recall,Yes,our_preprocessed_validation.csv
sswf,Picture Description,Yes,our_preprocessed_test.csv
stap,Picture Description,Yes,our_preprocessed_validation.csv
sthf,Picture Description,Yes,our_preprocessed_train.csv
stjc,Sentence Reading,Yes,our_preprocessed_train.csv
stue,Picture Description,Yes,our_preprocessed_test.csv
sulw,Picture Description,Yes,our_preprocessed_train.csv
suzi,Voice Assistant,Yes,our_preprocessed_train.csv
svdd,Picture Description,Yes,our_preprocessed_train.csv
svek,Sentence Reading,Yes,our_preprocessed_test.csv
swbz,Picture Description,Yes,our_preprocessed_train.csv
swli,Story Recall,Yes,our_preprocessed_train.csv
swtz,Sentence Reading,Yes,our_preprocessed_test.csv
swud,Picture Description,Yes,our_preprocessed_test.csv
swvb,Picture Description,Yes,our_preprocessed_train.csv
sxho,Picture Description,Yes,our_preprocessed_test.csv
syij,Picture Description,Yes,our_preprocessed_train.csv
sypp,Picture Description,Yes,our_preprocessed_validation.csv
syvf,Picture Description,Yes,our_preprocessed_train.csv
syzl,Picture Description,Yes,our_preprocessed_test.csv
szdw,Picture Description,Yes,our_preprocessed_train.csv
szfw,Voice Assistant,Yes,our_preprocessed_train.csv
szwj,Picture Description,Yes,our_preprocessed_train.csv
taec,Picture Description,Yes,our_preprocessed_train.csv
tbcn,Picture Description,Yes,our_preprocessed_train.csv
tbcz,Sentence Reading,Yes,our_preprocessed_test.csv
tbrc,Voice Assistant,Yes,our_preprocessed_train.csv
tbsy,Picture Description,Yes,our_preprocessed_validation.csv
tbtx,Sentence Reading,Yes,our_preprocessed_validation.csv
tbwt,Picture Description,Yes,our_preprocessed_train.csv
tcpg,Picture Description,Yes,our_preprocessed_validation.csv
tcqx,Picture Description,Yes,our_preprocessed_test.csv
tdro,Picture Description,Yes,our_preprocessed_train.csv
tdto,Picture Description,Yes,our_preprocessed_train.csv
tdzf,Semantic Verbal Fluency,Yes,our_preprocessed_train.csv
teac,Picture Description,Yes,our_preprocessed_validation.csv
tehn,Picture Description,Yes,our_preprocessed_train.csv
teun,Picture Description,Yes,our_preprocessed_train.csv
tfiv,Picture Description,Yes,our_preprocessed_validation.csv
tfkc,Picture Description,Yes,our_preprocessed_train.csv
tfkp,Picture Description,Yes,our_preprocessed_train.csv
tfll,Picture Description,Yes,our_preprocessed_validation.csv
tfmb,Sentence Reading,Yes,our_preprocessed_train.csv
tfpo,Picture Description,Yes,our_preprocessed_train.csv
tfre,Sentence Reading,Yes,our_preprocessed_test.csv
tfwx,Picture Description,Yes,our_preprocessed_test.csv
tfyd,Picture Description,Yes,our_preprocessed_train.csv
tgfi,Sentence Reading,Yes,our_preprocessed_train.csv
tgvq,Sentence Reading,Yes,our_preprocessed_test.csv
thdn,Story Recall,Yes,our_preprocessed_train.csv
this,Picture Description,Yes,our_preprocessed_train.csv
thlx,Picture Description,Yes,our_preprocessed_validation.csv
thva,Sentence Reading,Yes,our_preprocessed_test.csv
tiim,Picture Description,Yes,our_preprocessed_test.csv
tipu,Picture Description,Yes,our_preprocessed_validation.csv
tjnn,Picture Description,Yes,our_preprocessed_validation.csv
tjqv,Picture Description,Yes,our_preprocessed_train.csv
tjyq,Picture Description,Yes,our_preprocessed_train.csv
tkau,Picture Description,Yes,our_preprocessed_test.csv
tlfi,Picture Description,Yes,our_preprocessed_train.csv
tlly,Picture Description,Yes,our_preprocessed_train.csv
tlmx,Picture Description,Yes,our_preprocessed_train.csv
tlsg,Story Recall,Yes,our_preprocessed_train.csv
tlua,Picture Description,Yes,our_preprocessed_train.csv
tmau,Picture Description,Yes,our_preprocessed_validation.csv
tnjm,Picture Description,Yes,our_preprocessed_train.csv
tnoc,Picture Description,Yes,our_preprocessed_test.csv
tnxm,Picture Description,Yes,our_preprocessed_train.csv
toft,Voice Assistant,Yes,our_preprocessed_train.csv
tomj,Voice Assistant,Yes,our_preprocessed_train.csv
tpbl,Sentence Reading,Yes,our_preprocessed_train.csv
tpiv,Picture Description,Yes,our_preprocessed_train.csv
tpyi,Sentence Reading,Yes,our_preprocessed_train.csv
tqec,Sentence Reading,Yes,our_preprocessed_validation.csv
tqgf,Sentence Reading,Yes,our_preprocessed_train.csv
tqiz,Picture Description,Yes,our_preprocessed_test.csv
tqvc,Picture Description,Yes,our_preprocessed_test.csv
trln,Sentence Reading,Yes,our_preprocessed_validation.csv
tsfq,Picture Description,Yes,our_preprocessed_validation.csv
tsgg,Sentence Reading,Yes,our_preprocessed_train.csv
tsjp,Picture Description,Yes,our_preprocessed_validation.csv
tste,Picture Description,Yes,our_preprocessed_test.csv
ttcr,Sentence Reading,Yes,our_preprocessed_train.csv
ttfu,Picture Description,Yes,our_preprocessed_train.csv
ttjk,Voice Assistant,Yes,our_preprocessed_train.csv
tudo,Voice Assistant,Yes,our_preprocessed_train.csv
tuev,Picture Description,Yes,our_preprocessed_validation.csv
tuth,Sentence Reading,Yes,our_preprocessed_test.csv
tuwq,Picture Description,Yes,our_preprocessed_train.csv
tvlt,Picture Description,Yes,our_preprocessed_test.csv
tvms,Sentence Reading,Yes,our_preprocessed_validation.csv
tvri,Picture Description,Yes,our_preprocessed_train.csv
twdg,Picture Description,Yes,our_preprocessed_train.csv
twtd,Picture Description,Yes,our_preprocessed_train.csv
txsd,Picture Description,Yes,our_preprocessed_validation.csv
txuh,Picture Description,Yes,our_preprocessed_train.csv
txvs,Picture Description,Yes,our_preprocessed_train.csv
txvx,Sentence Reading,Yes,our_preprocessed_train.csv
txzw,Picture Description,Yes,our_preprocessed_test.csv
tyjj,Picture Description,Yes,our_preprocessed_train.csv
tytd,Picture Description,Yes,our_preprocessed_test.csv
tzzn,Picture Description,Yes,our_preprocessed_validation.csv
uahb,Picture Description,Yes,our_preprocessed_test.csv
ualr,Picture Description,Yes,our_preprocessed_train.csv
uauj,Picture Description,Yes,our_preprocessed_train.csv
uavg,Picture Description,Yes,our_preprocessed_train.csv
ubbh,Personal Narrative,Yes,our_preprocessed_train.csv
ubhk,Picture Description,Yes,our_preprocessed_train.csv
ubhs,Picture Description,No,our_preprocessed_test.csv
ubmq,Picture Description,Yes,our_preprocessed_test.csv
ubqe,Picture Description,Yes,our_preprocessed_train.csv
ubwj,Picture Description,Yes,our_preprocessed_train.csv
ucer,Picture Description,Yes,our_preprocessed_train.csv
uclo,Sentence Reading,Yes,our_preprocessed_train.csv
ucsd,Picture Description,Yes,our_preprocessed_train.csv
udac,Picture Description,Yes,our_preprocessed_test.csv
udfm,Picture Description,Yes,our_preprocessed_train.csv
udhv,Picture Description,Yes,our_preprocessed_train.csv
udld,Voice Assistant,Yes,our_preprocessed_test.csv
udvs,Picture Description,Yes,our_preprocessed_test.csv
udzh,Picture Description,Yes,our_preprocessed_train.csv
ufed,Picture Description,Yes,our_preprocessed_train.csv
ufpr,Picture Description,Yes,our_preprocessed_train.csv
ufxt,Picture Description,Yes,our_preprocessed_train.csv
ufyz,Picture Description,Yes,our_preprocessed_train.csv
ugal,Picture Description,Yes,our_preprocessed_test.csv
ugch,Picture Description,Yes,our_preprocessed_train.csv
ughv,Picture Description,Yes,our_preprocessed_train.csv
uhlb,Picture Description,Yes,our_preprocessed_train.csv
uhtn,Story Recall,Yes,our_preprocessed_validation.csv
uhwm,Picture Description,Yes,our_preprocessed_train.csv
uias,Picture Description,Yes,our_preprocessed_train.csv
uign,Picture Description,Yes,our_preprocessed_train.csv
uihj,Picture Description,Yes,our_preprocessed_train.csv
uipr,Voice Assistant,Yes,our_preprocessed_train.csv
uiuj,Picture Description,Yes,our_preprocessed_train.csv
ujdk,Picture Description,Yes,our_preprocessed_train.csv
ukar,Picture Description,Yes,our_preprocessed_train.csv
ukas,Picture Description,Yes,our_preprocessed_train.csv
ukin,Picture Description,Yes,our_preprocessed_train.csv
ukll,Picture Description,Yes,our_preprocessed_test.csv
ukpq,Sentence Reading,Yes,our_preprocessed_train.csv
uksp,Picture Description,Yes,our_preprocessed_train.csv
ulsb,Picture Description,Yes,our_preprocessed_train.csv
ulux,Picture Description,Yes,our_preprocessed_validation.csv
umdl,Picture Description,Yes,our_preprocessed_validation.csv
umpu,Picture Description,Yes,our_preprocessed_validation.csv
umqi,Picture Description,Yes,our_preprocessed_test.csv
umyr,Picture Description,Yes,our_preprocessed_validation.csv
unbe,Picture Description,Yes,our_preprocessed_train.csv
unic,Picture Description,Yes,our_preprocessed_train.csv
upfg,Picture Description,Yes,our_preprocessed_train.csv
upnl,Sentence Reading,Yes,our_preprocessed_train.csv
upua,Picture Description,Yes,our_preprocessed_train.csv
urcg,Picture Description,No,our_preprocessed_test.csv
urdn,Sentence Reading,Yes,our_preprocessed_validation.csv
uscj,Picture Description,Yes,our_preprocessed_train.csv
ushd,Picture Description,Yes,our_preprocessed_train.csv
uskt,Picture Description,Yes,our_preprocessed_train.csv
ustr,Picture Description,Yes,our_preprocessed_test.csv
utai,Picture Description,Yes,our_preprocessed_train.csv
utfz,Picture Description,Yes,our_preprocessed_train.csv
uthd,Sentence Reading,Yes,our_preprocessed_train.csv
utix,Sentence Reading,Yes,our_preprocessed_train.csv
utsq,Picture Description,Yes,our_preprocessed_train.csv
uudn,Story Recall,Yes,our_preprocessed_train.csv
uudo,Picture Description,Yes,our_preprocessed_train.csv
uuih,Sentence Reading,Yes,our_preprocessed_train.csv
uupx,Picture Description,Yes,our_preprocessed_train.csv
uveb,Picture Description,Yes,our_preprocessed_validation.csv
uvnq,Story Recall,Yes,our_preprocessed_test.csv
uvqo,Picture Description,Yes,our_preprocessed_test.csv
uwft,Picture Description,Yes,our_preprocessed_test.csv
uwlk,Picture Description,Yes,our_preprocessed_train.csv
uwrh,Voice Assistant,Yes,our_preprocessed_train.csv
uwsi,Sentence Reading,Yes,our_preprocessed_train.csv
uwvu,Picture Description,Yes,our_preprocessed_test.csv
uwwc,Picture Description,Yes,our_preprocessed_validation.csv
uwys,Picture Description,Yes,our_preprocessed_train.csv
uxev,Picture Description,Yes,our_preprocessed_test.csv
uxnh,Picture Description,Yes,our_preprocessed_train.csv
uxwg,Sentence Reading,Yes,our_preprocessed_validation.csv
uyao,Picture Description,Yes,our_preprocessed_train.csv
uyay,Picture Description,Yes,our_preprocessed_train.csv
uymx,Sentence Reading,Yes,our_preprocessed_validation.csv
uynp,Picture Description,Yes,our_preprocessed_test.csv
uzbh,Picture Description,Yes,our_preprocessed_train.csv
uzkk,Picture Description,Yes,our_preprocessed_train.csv
uzmk,Picture Description,Yes,our_preprocessed_test.csv
uzny,Sentence Reading,Yes,our_preprocessed_test.csv
uzyc,Picture Description,Yes,our_preprocessed_train.csv
vaam,Sentence Reading,Yes,our_preprocessed_train.csv
vacv,Picture Description,Yes,our_preprocessed_test.csv
vanx,Picture Description,Yes,our_preprocessed_train.csv
vaob,Picture Description,Yes,our_preprocessed_train.csv
vazt,Other,Yes,our_preprocessed_train.csv
vbdd,Picture Description,Yes,our_preprocessed_test.csv
vbgt,Picture Description,Yes,our_preprocessed_train.csv
vbkc,Picture Description,Yes,our_preprocessed_train.csv
vbwe,Picture Description,Yes,our_preprocessed_test.csv
vbxv,Picture Description,Yes,our_preprocessed_train.csv
vccd,Picture Description,Yes,our_preprocessed_train.csv
vcga,Picture Description,Yes,our_preprocessed_train.csv
vclo,Picture Description,Yes,our_preprocessed_train.csv
vcsg,Sentence Reading,Yes,our_preprocessed_train.csv
vdvu,Picture Description,Yes,our_preprocessed_train.csv
veex,Other,No,our_preprocessed_train.csv
vehz,Other,Yes,our_preprocessed_train.csv
vesg,Picture Description,Yes,our_preprocessed_validation.csv
veur,Picture Description,Yes,our_preprocessed_test.csv
vfdk,Picture Description,Yes,our_preprocessed_validation.csv
vfjz,Picture Description,Yes,our_preprocessed_train.csv
vfqb,Personal Narrative,Yes,our_preprocessed_train.csv
vfqt,Picture Description,Yes,our_preprocessed_train.csv
vfri,Picture Description,Yes,our_preprocessed_test.csv
vfuf,Picture Description,Yes,our_preprocessed_validation.csv
vfyy,Picture Description,Yes,our_preprocessed_train.csv
vgkt,Picture Description,Yes,our_preprocessed_test.csv
vgtm,Picture Description,Yes,our_preprocessed_test.csv
vhfa,Picture Description,Yes,our_preprocessed_train.csv
vhfc,Picture Description,Yes,our_preprocessed_train.csv
vhme,Picture Description,Yes,our_preprocessed_train.csv
vhtm,Sentence Reading,Yes,our_preprocessed_train.csv
vhtp,Sentence Reading,Yes,our_preprocessed_validation.csv
vhyj,Picture Description,Yes,our_preprocessed_train.csv
vhyp,Sentence Reading,Yes,our_preprocessed_train.csv
vicn,Picture Description,Yes,our_preprocessed_train.csv
viix,Sentence Reading,Yes,our_preprocessed_train.csv
viov,Semantic Verbal Fluency,Yes,our_preprocessed_test.csv
vitx,Picture Description,Yes,our_preprocessed_test.csv
viyp,Picture Description,Yes,our_preprocessed_train.csv
vjbx,Picture Description,Yes,our_preprocessed_train.csv
vjci,Picture Description,Yes,our_preprocessed_train.csv
vjdd,Picture Description,Yes,our_preprocessed_train.csv
vjdk,Picture Description,Yes,our_preprocessed_train.csv
vjuo,Picture Description,Yes,our_preprocessed_train.csv
vkik,Picture Description,Yes,our_preprocessed_validation.csv
vkjj,Sentence Reading,Yes,our_preprocessed_test.csv
vkmd,Picture Description,Yes,our_preprocessed_test.csv
vkws,Sentence Reading,Yes,our_preprocessed_validation.csv
vlwd,Picture Description,Yes,our_preprocessed_train.csv
vmec,Picture Description,Yes,our_preprocessed_train.csv
vmkt,Picture Description,Yes,our_preprocessed_train.csv
vmsm,Other,No,our_preprocessed_validation.csv
vmtb,Sentence Reading,Yes,our_preprocessed_train.csv
vmzi,Picture Description,Yes,our_preprocessed_train.csv
vnlz,Picture Description,Yes,our_preprocessed_train.csv
vnol,Picture Description,Yes,our_preprocessed_train.csv
vnth,Sentence Reading,Yes,our_preprocessed_train.csv
vnup,Picture Description,Yes,our_preprocessed_test.csv
vnxg,Picture Description,Yes,our_preprocessed_train.csv
vnzs,Picture Description,Yes,our_preprocessed_train.csv
vons,Picture Description,Yes,our_preprocessed_validation.csv
voxv,Picture Description,Yes,our_preprocessed_train.csv
vpbc,Voice Assistant,Yes,our_preprocessed_train.csv
vpfs,Picture Description,Yes,our_preprocessed_test.csv
vplu,Picture Description,Yes,our_preprocessed_train.csv
vppw,Picture Description,Yes,our_preprocessed_train.csv
vpxq,Voice Assistant,Yes,our_preprocessed_train.csv
vqrb,Picture Description,Yes,our_preprocessed_train.csv
vquk,Picture Description,Yes,our_preprocessed_train.csv
vrjr,Picture Description,Yes,our_preprocessed_test.csv
vrsk,Voice Assistant,Yes,our_preprocessed_train.csv
vsfq,Picture Description,Yes,our_preprocessed_train.csv
vsfs,Picture Description,Yes,our_preprocessed_train.csv
vsid,Picture Description,Yes,our_preprocessed_train.csv
vskk,Sentence Reading,Yes,our_preprocessed_train.csv
vsoe,Picture Description,Yes,our_preprocessed_test.csv
vtky,Picture Description,Yes,our_preprocessed_test.csv
vtqk,Picture Description,Yes,our_preprocessed_train.csv
vtqu,Picture Description,No,our_preprocessed_train.csv
vtra,Picture Description,Yes,our_preprocessed_test.csv
vtuo,Picture Description,Yes,our_preprocessed_train.csv
vuga,Picture Description,Yes,our_preprocessed_train.csv
vuls,Sentence Reading,Yes,our_preprocessed_train.csv
vvaa,Sentence Reading,Yes,our_preprocessed_train.csv
vvmi,Picture Description,Yes,our_preprocessed_validation.csv
vvnm,Story Recall,Yes,our_preprocessed_train.csv
vvpc,Sentence Reading,Yes,our_preprocessed_train.csv
vwbv,Picture Description,Yes,our_preprocessed_train.csv
vwdp,Semantic Verbal Fluency,Yes,our_preprocessed_test.csv
vwhr,Voice Assistant,Yes,our_preprocessed_train.csv
vwhu,Picture Description,Yes,our_preprocessed_train.csv
vxab,Picture Description,Yes,our_preprocessed_train.csv
vxbs,Sentence Reading,Yes,our_preprocessed_test.csv
vxio,Story Recall,Yes,our_preprocessed_test.csv
vxnl,Picture Description,Yes,our_preprocessed_validation.csv
vxnr,Picture Description,Yes,our_preprocessed_validation.csv
vxpx,Picture Description,Yes,our_preprocessed_train.csv
vxql,Picture Description,Yes,our_preprocessed_train.csv
vyoe,Voice Assistant,Yes,our_preprocessed_train.csv
vyoy,Voice Assistant,Yes,our_preprocessed_train.csv
vzaf,Picture Description,Yes,our_preprocessed_test.csv
vzig,Picture Description,Yes,our_preprocessed_validation.csv
waco,Picture Description,No,our_preprocessed_train.csv
wain,Picture Description,Yes,our_preprocessed_test.csv
walg,Other,Yes,our_preprocessed_test.csv
waqq,Picture Description,Yes,our_preprocessed_test.csv
wbtx,Picture Description,Yes,our_preprocessed_train.csv
wbxm,Sentence Reading,Yes,our_preprocessed_train.csv
wbzl,Other,No,our_preprocessed_train.csv
wcad,Picture Description,Yes,our_preprocessed_train.csv
wctw,Picture Description,Yes,our_preprocessed_train.csv
wdqp,Picture Description,Yes,our_preprocessed_train.csv
wduh,Sentence Reading,Yes,our_preprocessed_train.csv
wdzu,Picture Description,Yes,our_preprocessed_train.csv
webr,Picture Description,Yes,our_preprocessed_train.csv
wffd,Sentence Reading,Yes,our_preprocessed_train.csv
wfgv,Picture Description,Yes,our_preprocessed_train.csv
wfnl,Picture Description,Yes,our_preprocessed_train.csv
wfpc,Other,Yes,our_preprocessed_train.csv
wgcx,Picture Description,Yes,our_preprocessed_train.csv
wgcz,Picture Description,Yes,our_preprocessed_test.csv
wgdr,Picture Description,Yes,our_preprocessed_test.csv
wgzk,Sentence Reading,Yes,our_preprocessed_test.csv
wibx,Sentence Reading,Yes,our_preprocessed_test.csv
wiid,Picture Description,Yes,our_preprocessed_train.csv
wius,Story Recall,Yes,our_preprocessed_train.csv
wivu,Picture Description,Yes,our_preprocessed_validation.csv
wkaf,Picture Description,Yes,our_preprocessed_train.csv
wkqd,Picture Description,Yes,our_preprocessed_train.csv
wmby,Picture Description,Yes,our_preprocessed_train.csv
wmek,Picture Description,Yes,our_preprocessed_test.csv
wmqi,Picture Description,Yes,our_preprocessed_train.csv
wmrn,Picture Description,Yes,our_preprocessed_train.csv
wmsn,Sentence Reading,Yes,our_preprocessed_train.csv
woim,Picture Description,Yes,our_preprocessed_train.csv
wolg,Sentence Reading,Yes,our_preprocessed_train.csv
woml,Picture Description,Yes,our_preprocessed_train.csv
woys,Picture Description,Yes,our_preprocessed_train.csv
wpeb,Picture Description,Yes,our_preprocessed_validation.csv
wpkh,Sentence Reading,Yes,our_preprocessed_train.csv
wpma,Picture Description,Yes,our_preprocessed_train.csv
wpmt,Picture Description,Yes,our_preprocessed_train.csv
wpti,Picture Description,Yes,our_preprocessed_test.csv
wptj,Picture Description,Yes,our_preprocessed_train.csv
wqfo,Sentence Reading,Yes,our_preprocessed_train.csv
wraw,Picture Description,Yes,our_preprocessed_train.csv
wrce,Sentence Reading,Yes,our_preprocessed_test.csv
wrih,Voice Assistant,Yes,our_preprocessed_train.csv
wrqx,Picture Description,Yes,our_preprocessed_train.csv
wrtf,Other,Yes,our_preprocessed_train.csv
wrvf,Sentence Reading,Yes,our_preprocessed_validation.csv
wsai,Picture Description,Yes,our_preprocessed_train.csv
wswe,Picture Description,Yes,our_preprocessed_train.csv
wsxm,Picture Description,Yes,our_preprocessed_train.csv
wtup,Sentence Reading,Yes,our_preprocessed_train.csv
wtwd,Picture Description,Yes,our_preprocessed_train.csv
wuoy,Sentence Reading,Yes,our_preprocessed_train.csv
wuqi,Sentence Reading,Yes,our_preprocessed_test.csv
wuqy,Sentence Reading,Yes,our_preprocessed_train.csv
wuxr,Picture Description,Yes,our_preprocessed_validation.csv
wvtx,Picture Description,Yes,our_preprocessed_train.csv
wvxl,Picture Description,Yes,our_preprocessed_validation.csv
wvzs,Picture Description,Yes,our_preprocessed_train.csv
wwct,Picture Description,Yes,our_preprocessed_train.csv
wwle,Sentence Reading,Yes,our_preprocessed_train.csv
wxgs,Picture Description,Yes,our_preprocessed_train.csv
wxmg,Sentence Reading,Yes,our_preprocessed_test.csv
wyat,Sentence Reading,Yes,our_preprocessed_train.csv
wynd,Sentence Reading,Yes,our_preprocessed_test.csv
wyub,Picture Description,Yes,our_preprocessed_train.csv
wziy,Picture Description,Yes,our_preprocessed_validation.csv
wzqz,Sentence Reading,Yes,our_preprocessed_validation.csv
wzri,Sentence Reading,Yes,our_preprocessed_train.csv
wzuc,Picture Description,Yes,our_preprocessed_validation.csv
wzuy,Picture Description,Yes,our_preprocessed_train.csv
wzww,Voice Assistant,Yes,our_preprocessed_validation.csv
xafw,Picture Description,Yes,our_preprocessed_train.csv
xanx,Picture Description,Yes,our_preprocessed_train.csv
xapl,Picture Description,Yes,our_preprocessed_train.csv
xarx,Voice Assistant,Yes,our_preprocessed_train.csv
xatp,Sentence Reading,Yes,our_preprocessed_test.csv
xbca,Sentence Reading,Yes,our_preprocessed_train.csv
xbcd,Picture Description,Yes,our_preprocessed_train.csv
xbkl,Sentence Reading,Yes,our_preprocessed_validation.csv
xbop,Picture Description,Yes,our_preprocessed_train.csv
xbyn,Picture Description,Yes,our_preprocessed_train.csv
xcjl,Picture Description,Yes,our_preprocessed_test.csv
xcle,Other,Yes,our_preprocessed_train.csv
xdff,Picture Description,Yes,our_preprocessed_train.csv
xdjx,Picture Description,Yes,our_preprocessed_train.csv
xdkf,Picture Description,Yes,our_preprocessed_train.csv
xdqh,Picture Description,Yes,our_preprocessed_train.csv
xdvr,Picture Description,Yes,our_preprocessed_test.csv
xebg,Personal Narrative,Yes,our_preprocessed_train.csv
xeql,Picture Description,Yes,our_preprocessed_train.csv
xetk,Picture Description,Yes,our_preprocessed_test.csv
xexc,Picture Description,Yes,our_preprocessed_train.csv
xfag,Picture Description,Yes,our_preprocessed_train.csv
xfax,Sentence Reading,Yes,our_preprocessed_validation.csv
xfeh,Picture Description,Yes,our_preprocessed_test.csv
xfov,Picture Description,Yes,our_preprocessed_test.csv
xfsq,Picture Description,Yes,our_preprocessed_train.csv
xgem,Picture Description,Yes,our_preprocessed_train.csv
xgfr,Picture Description,Yes,our_preprocessed_validation.csv
xhwi,Picture Description,No,our_preprocessed_test.csv
xicq,Picture Description,Yes,our_preprocessed_test.csv
xixf,Picture Description,Yes,our_preprocessed_validation.csv
xjcx,Picture Description,Yes,our_preprocessed_train.csv
xjdj,Picture Description,Yes,our_preprocessed_train.csv
xjme,Picture Description,Yes,our_preprocessed_test.csv
xjqo,Sentence Reading,Yes,our_preprocessed_validation.csv
xkuq,Picture Description,Yes,our_preprocessed_train.csv
xlmp,Picture Description,Yes,our_preprocessed_test.csv
xmjb,Picture Description,Yes,our_preprocessed_train.csv
xmkn,Picture Description,Yes,our_preprocessed_train.csv
xmmh,Picture Description,Yes,our_preprocessed_validation.csv
xmsx,Sentence Reading,Yes,our_preprocessed_train.csv
xneh,Picture Description,Yes,our_preprocessed_test.csv
xnjt,Picture Description,Yes,our_preprocessed_train.csv
xoct,Picture Description,Yes,our_preprocessed_train.csv
xodi,Picture Description,Yes,our_preprocessed_validation.csv
xoip,Sentence Reading,Yes,our_preprocessed_train.csv
xopn,Picture Description,Yes,our_preprocessed_train.csv
xpms,Picture Description,Yes,our_preprocessed_train.csv
xpoj,Picture Description,Yes,our_preprocessed_validation.csv
xqrd,Picture Description,Yes,our_preprocessed_train.csv
xqvq,Picture Description,Yes,our_preprocessed_train.csv
xrem,Picture Description,Yes,our_preprocessed_train.csv
xrfk,Sentence Reading,Yes,our_preprocessed_train.csv
xrjf,Picture Description,No,our_preprocessed_train.csv
xrtn,Sentence Reading,Yes,our_preprocessed_train.csv
xsds,Picture Description,Yes,our_preprocessed_test.csv
xsdx,Picture Description,Yes,our_preprocessed_validation.csv
xsrd,Picture Description,Yes,our_preprocessed_train.csv
xsrh,Picture Description,Yes,our_preprocessed_validation.csv
xsxm,Sentence Reading,Yes,our_preprocessed_train.csv
xtck,Picture Description,Yes,our_preprocessed_train.csv
xtuq,Picture Description,Yes,our_preprocessed_train.csv
xujc,Sentence Reading,Yes,our_preprocessed_train.csv
xvhq,Picture Description,Yes,our_preprocessed_validation.csv
xvjn,Sentence Reading,Yes,our_preprocessed_train.csv
xwjz,Picture Description,Yes,our_preprocessed_train.csv
xwva,Picture Description,Yes,our_preprocessed_train.csv
xxbk,Picture Description,Yes,our_preprocessed_validation.csv
xxss,Picture Description,Yes,our_preprocessed_validation.csv
xygd,Picture Description,Yes,our_preprocessed_validation.csv
xykv,Picture Description,Yes,our_preprocessed_test.csv
xzkn,Picture Description,Yes,our_preprocessed_validation.csv
xzsm,Sentence Reading,Yes,our_preprocessed_train.csv
yamz,Picture Description,Yes,our_preprocessed_validation.csv
yayf,Picture Description,Yes,our_preprocessed_test.csv
yben,Sentence Reading,Yes,our_preprocessed_test.csv
ybin,Picture Description,Yes,our_preprocessed_validation.csv
ybju,Picture Description,Yes,our_preprocessed_train.csv
ybnk,Picture Description,Yes,our_preprocessed_train.csv
ybsv,Sentence Reading,Yes,our_preprocessed_test.csv
ybxe,Picture Description,Yes,our_preprocessed_validation.csv
ycdo,Personal Narrative,Yes,our_preprocessed_train.csv
ycrj,Picture Description,Yes,our_preprocessed_train.csv
ydew,Picture Description,Yes,our_preprocessed_test.csv
ydin,Voice Assistant,Yes,our_preprocessed_test.csv
ydtv,Picture Description,Yes,our_preprocessed_validation.csv
yeuw,Picture Description,Yes,our_preprocessed_test.csv
yevg,Sentence Reading,Yes,our_preprocessed_test.csv
yezk,Sentence Reading,Yes,our_preprocessed_validation.csv
yfnf,Sentence Reading,Yes,our_preprocessed_train.csv
yfsu,Picture Description,Yes,our_preprocessed_train.csv
ygeo,Personal Narrative,Yes,our_preprocessed_train.csv
yghy,Sentence Reading,Yes,our_preprocessed_test.csv
ygom,Picture Description,Yes,our_preprocessed_test.csv
ygye,Sentence Reading,Yes,our_preprocessed_train.csv
yiif,Picture Description,Yes,our_preprocessed_train.csv
yiqh,Voice Assistant,Yes,our_preprocessed_train.csv
ykgr,Picture Description,Yes,our_preprocessed_train.csv
ykqp,Picture Description,Yes,our_preprocessed_train.csv
yksq,Picture Description,Yes,our_preprocessed_train.csv
yktg,Story Recall,Yes,our_preprocessed_train.csv
ylsp,Voice Assistant,Yes,our_preprocessed_train.csv
ymcm,Picture Description,Yes,our_preprocessed_train.csv
ymvj,Picture Description,Yes,our_preprocessed_train.csv
ynbt,Picture Description,Yes,our_preprocessed_test.csv
ynlb,Picture Description,Yes,our_preprocessed_train.csv
ynsn,Picture Description,Yes,our_preprocessed_test.csv
ynug,Picture Description,Yes,our_preprocessed_train.csv
yont,Picture Description,Yes,our_preprocessed_train.csv
ypdc,Picture Description,Yes,our_preprocessed_test.csv
ypmg,Picture Description,Yes,our_preprocessed_test.csv
ypzy,Picture Description,Yes,our_preprocessed_train.csv
yqph,Semantic Verbal Fluency,Yes,our_preprocessed_train.csv
yrhi,Picture Description,Yes,our_preprocessed_test.csv
yrhm,Picture Description,Yes,our_preprocessed_test.csv
yrqf,Picture Description,No,our_preprocessed_train.csv
yrrz,Picture Description,Yes,our_preprocessed_validation.csv
yrwz,Picture Description,Yes,our_preprocessed_test.csv
ysir,Picture Description,Yes,our_preprocessed_train.csv
yskd,Sentence Reading,Yes,our_preprocessed_test.csv
ysor,Picture Description,Yes,our_preprocessed_test.csv
ystb,Picture Description,Yes,our_preprocessed_train.csv
ystq,Voice Assistant,Yes,our_preprocessed_train.csv
ytfb,Picture Description,Yes,our_preprocessed_train.csv
ytli,Picture Description,Yes,our_preprocessed_train.csv
yujy,Sentence Reading,Yes,our_preprocessed_train.csv
yusb,Picture Description,Yes,our_preprocessed_train.csv
yuvg,Picture Description,Yes,our_preprocessed_validation.csv
yuxg,Sentence Reading,Yes,our_preprocessed_test.csv
yuxy,Other,Yes,our_preprocessed_train.csv
yvig,Picture Description,Yes,our_preprocessed_train.csv
ywit,Picture Description,Yes,our_preprocessed_test.csv
ywse,Picture Description,Yes,our_preprocessed_test.csv
ywwh,Picture Description,Yes,our_preprocessed_train.csv
ywwq,Picture Description,Yes,our_preprocessed_train.csv
ywyg,Picture Description,Yes,our_preprocessed_train.csv
yxbb,Sentence Reading,Yes,our_preprocessed_train.csv
yxea,Picture Description,Yes,our_preprocessed_train.csv
yxpb,Picture Description,Yes,our_preprocessed_test.csv
yxsy,Picture Description,Yes,our_preprocessed_test.csv
yxxo,Picture Description,No,our_preprocessed_train.csv
yzfq,Picture Description,Yes,our_preprocessed_train.csv
yzjr,Picture Description,Yes,our_preprocessed_test.csv
yzse,Picture Description,Yes,our_preprocessed_train.csv
yzvo,Picture Description,Yes,our_preprocessed_train.csv
yzwd,Other,Yes,our_preprocessed_train.csv
yzyw,Picture Description,Yes,our_preprocessed_train.csv
yzzx,Sentence Reading,Yes,our_preprocessed_train.csv
zalb,Sentence Reading,Yes,our_preprocessed_train.csv
zaok,Picture Description,Yes,our_preprocessed_train.csv
zaxk,Picture Description,Yes,our_preprocessed_train.csv
zbcp,Picture Description,Yes,our_preprocessed_test.csv
zbdh,Picture Description,Yes,our_preprocessed_test.csv
zblf,Story Recall,Yes,our_preprocessed_train.csv
zceh,Picture Description,Yes,our_preprocessed_test.csv
zcey,Picture Description,Yes,our_preprocessed_test.csv
zcyg,Voice Assistant,Yes,our_preprocessed_train.csv
zdhx,Voice Assistant,Yes,our_preprocessed_validation.csv
zdkx,Sentence Reading,Yes,our_preprocessed_train.csv
zdpe,Picture Description,Yes,our_preprocessed_train.csv
zdva,Sentence Reading,Yes,our_preprocessed_train.csv
zdya,Picture Description,Yes,our_preprocessed_train.csv
zeag,Sentence Reading,Yes,our_preprocessed_train.csv
zefu,Picture Description,Yes,our_preprocessed_train.csv
zegr,Picture Description,Yes,our_preprocessed_train.csv
zenh,Picture Description,Yes,our_preprocessed_validation.csv
zezd,Picture Description,Yes,our_preprocessed_test.csv
zfqx,Picture Description,Yes,our_preprocessed_train.csv
zgaj,Picture Description,Yes,our_preprocessed_train.csv
zgcl,Picture Description,Yes,our_preprocessed_validation.csv
zgmp,Picture Description,Yes,our_preprocessed_train.csv
zgza,Picture Description,Yes,our_preprocessed_validation.csv
zhjc,Sentence Reading,Yes,our_preprocessed_test.csv
zhoa,Picture Description,Yes,our_preprocessed_validation.csv
zhot,Picture Description,Yes,our_preprocessed_train.csv
zjbs,Picture Description,Yes,our_preprocessed_train.csv
zjoo,Picture Description,Yes,our_preprocessed_test.csv
zjso,Picture Description,Yes,our_preprocessed_train.csv
zjvs,Picture Description,Yes,our_preprocessed_validation.csv
zjvt,Picture Description,Yes,our_preprocessed_train.csv
zkbm,Picture Description,Yes,our_preprocessed_train.csv
zkeq,Picture Description,Yes,our_preprocessed_test.csv
zkfl,Picture Description,Yes,our_preprocessed_train.csv
zkqs,Picture Description,Yes,our_preprocessed_train.csv
zkuk,Picture Description,Yes,our_preprocessed_train.csv
zldq,Picture Description,Yes,our_preprocessed_train.csv
zlio,Sentence Reading,Yes,our_preprocessed_train.csv
zljk,Picture Description,Yes,our_preprocessed_train.csv
zllm,Story Recall,Yes,our_preprocessed_test.csv
zllx,Picture Description,Yes,our_preprocessed_train.csv
zmez,Picture Description,Yes,our_preprocessed_test.csv
zmkc,Picture Description,Yes,our_preprocessed_train.csv
zmze,Picture Description,Yes,our_preprocessed_validation.csv
znkr,Sentence Reading,Yes,our_preprocessed_test.csv
znuy,Picture Description,Yes,our_preprocessed_train.csv
zobv,Picture Description,Yes,our_preprocessed_validation.csv
zofn,Picture Description,Yes,our_preprocessed_train.csv
zokw,Picture Description,Yes,our_preprocessed_train.csv
zouf,Voice Assistant,Yes,our_preprocessed_train.csv
zpir,Picture Description,No,our_preprocessed_train.csv
zprd,Voice Assistant,Yes,our_preprocessed_test.csv
zpxz,Picture Description,Yes,our_preprocessed_test.csv
zqcc,Picture Description,Yes,our_preprocessed_train.csv
zqlx,Picture Description,Yes,our_preprocessed_train.csv
zqyn,Picture Description,Yes,our_preprocessed_test.csv
zriz,Picture Description,Yes,our_preprocessed_train.csv
zrkf,Picture Description,Yes,our_preprocessed_test.csv
zrsl,Picture Description,Yes,our_preprocessed_train.csv
zrzh,Picture Description,Yes,our_preprocessed_test.csv
zrzo,Picture Description,Yes,our_preprocessed_train.csv
zsbf,Picture Description,Yes,our_preprocessed_train.csv
zsdf,Picture Description,Yes,our_preprocessed_train.csv
zsdr,Picture Description,Yes,our_preprocessed_train.csv
zsma,Picture Description,Yes,our_preprocessed_test.csv
ztht,Picture Description,Yes,our_preprocessed_train.csv
ztlq,Picture Description,Yes,our_preprocessed_test.csv
ztun,Other,Yes,our_preprocessed_train.csv
ztzl,Picture Description,Yes,our_preprocessed_test.csv
zvhj,Picture Description,Yes,our_preprocessed_validation.csv
zvmg,Picture Description,Yes,our_preprocessed_train.csv
zvqb,Story Recall,Yes,our_preprocessed_test.csv
zwbf,Picture Description,Yes,our_preprocessed_train.csv
zwiy,Picture Description,Yes,our_preprocessed_train.csv
zwkj,Personal Narrative,Yes,our_preprocessed_train.csv
zwye,Picture Description,Yes,our_preprocessed_test.csv
zxgq,Picture Description,Yes,our_preprocessed_train.csv
zxtj,Picture Description,Yes,our_preprocessed_validation.csv
zycr,Picture Description,Yes,our_preprocessed_test.csv
zyps,Picture Description,Yes,our_preprocessed_train.csv
zytb,Picture Description,Yes,our_preprocessed_train.csv
zyzb,Picture Description,No,our_preprocessed_train.csv
zznq,Semantic Verbal Fluency,Yes,our_preprocessed_train.csv
